Bus_no,15,30,45,60,75,90,105,120,135,150,165,180,195,210,225,240,255,270,285,300,315,330,345,360,375,390,405,420,435,450,465,480,495,510,525,540,555,570,585,600,615,630,645,660,675,690,705,720,735,750,765,780,795,810,825,840,855,870,885,900,915,930,945,960,975,990,1005,1020,1035,1050,1065,1080,1095,1110,1125,1140,1155,1170,1185,1200,1215,1230,1245,1260,1275,1290,1305,1320,1335,1350,1365,1380,1395,1410,1425,1440
1,2.912942681,2.720210269,2.558795108,2.755604234,2.63520973,2.251831294,2.270921291,2.483771426,2.374451104,2.113503321,2.608304576,2.398581091,2.333086023,2.501092684,2.468433439,2.329144317,2.512680951,2.282999852,2.850727407,2.588159599,2.770725073,2.957561657,3.121877061,3.077215538,3.004055926,2.84490872,3.18683465,3.309525825,3.291332631,3.248171306,3.122981829,3.382880208,3.168081484,3.317508087,3.57067705,3.440318089,3.830589056,3.733437562,3.562757481,3.517143638,3.355382005,3.698900283,3.73860025,3.224234515,3.361382161,3.095483332,3.279020373,3.321709455,3.300391691,3.186994777,3.070376206,3.177527444,2.809058454,2.967481722,2.870797852,3.397910168,3.514916515,3.244298826,3.043018176,3.416573201,3.0636857,3.247510355,3.164904757,3.031784911,3.135810511,3.176331419,3.254539329,3.337886688,3.294986266,3.427471095,3.508439882,3.235439843,3.061739716,3.482664762,3.31338795,3.142150087,3.188680267,3.243005344,3.340271816,2.993544357,3.177377754,3.113482639,3.035612672,3.452172436,3.097032059,3.215369635,3.070100971,3.320887259,3.399822734,2.855924187,3.239364884,2.902549197,3.113813857,3.129333584,2.914631528,2.710831567
2,1.456471341,1.360105134,1.279397554,1.377802117,1.317604865,1.125915647,1.135460646,1.241885713,1.187225552,1.056751661,1.304152288,1.199290546,1.166543012,1.250546342,1.234216719,1.164572158,1.256340476,1.141499926,1.425363703,1.2940798,1.385362536,1.478780828,1.560938531,1.538607769,1.502027963,1.42245436,1.593417325,1.654762913,1.645666316,1.624085653,1.561490915,1.691440104,1.584040742,1.658754043,1.785338525,1.720159045,1.915294528,1.866718781,1.78137874,1.758571819,1.677691003,1.849450141,1.869300125,1.612117257,1.68069108,1.547741666,1.639510187,1.660854728,1.650195846,1.593497388,1.535188103,1.588763722,1.404529227,1.483740861,1.435398926,1.698955084,1.757458257,1.622149413,1.521509088,1.708286601,1.53184285,1.623755177,1.582452378,1.515892455,1.567905255,1.58816571,1.627269665,1.668943344,1.647493133,1.713735547,1.754219941,1.617719922,1.530869858,1.741332381,1.656693975,1.571075044,1.594340133,1.621502672,1.670135908,1.496772179,1.588688877,1.556741319,1.517806336,1.726086218,1.54851603,1.607684818,1.535050485,1.66044363,1.699911367,1.427962093,1.619682442,1.451274599,1.556906929,1.564666792,1.457315764,1.355415783
4,2.912942681,2.720210269,2.558795108,2.755604234,2.63520973,2.251831294,2.270921291,2.483771426,2.374451104,2.113503321,2.608304576,2.398581091,2.333086023,2.501092684,2.468433439,2.329144317,2.512680951,2.282999852,2.850727407,2.588159599,2.770725073,2.957561657,3.121877061,3.077215538,3.004055926,2.84490872,3.18683465,3.309525825,3.291332631,3.248171306,3.122981829,3.382880208,3.168081484,3.317508087,3.57067705,3.440318089,3.830589056,3.733437562,3.562757481,3.517143638,3.355382005,3.698900283,3.73860025,3.224234515,3.361382161,3.095483332,3.279020373,3.321709455,3.300391691,3.186994777,3.070376206,3.177527444,2.809058454,2.967481722,2.870797852,3.397910168,3.514916515,3.244298826,3.043018176,3.416573201,3.0636857,3.247510355,3.164904757,3.031784911,3.135810511,3.176331419,3.254539329,3.337886688,3.294986266,3.427471095,3.508439882,3.235439843,3.061739716,3.482664762,3.31338795,3.142150087,3.188680267,3.243005344,3.340271816,2.993544357,3.177377754,3.113482639,3.035612672,3.452172436,3.097032059,3.215369635,3.070100971,3.320887259,3.399822734,2.855924187,3.239364884,2.902549197,3.113813857,3.129333584,2.914631528,2.710831567
5,1.456471341,1.360105134,1.279397554,1.377802117,1.317604865,1.125915647,1.135460646,1.241885713,1.187225552,1.056751661,1.304152288,1.199290546,1.166543012,1.250546342,1.234216719,1.164572158,1.256340476,1.141499926,1.425363703,1.2940798,1.385362536,1.478780828,1.560938531,1.538607769,1.502027963,1.42245436,1.593417325,1.654762913,1.645666316,1.624085653,1.561490915,1.691440104,1.584040742,1.658754043,1.785338525,1.720159045,1.915294528,1.866718781,1.78137874,1.758571819,1.677691003,1.849450141,1.869300125,1.612117257,1.68069108,1.547741666,1.639510187,1.660854728,1.650195846,1.593497388,1.535188103,1.588763722,1.404529227,1.483740861,1.435398926,1.698955084,1.757458257,1.622149413,1.521509088,1.708286601,1.53184285,1.623755177,1.582452378,1.515892455,1.567905255,1.58816571,1.627269665,1.668943344,1.647493133,1.713735547,1.754219941,1.617719922,1.530869858,1.741332381,1.656693975,1.571075044,1.594340133,1.621502672,1.670135908,1.496772179,1.588688877,1.556741319,1.517806336,1.726086218,1.54851603,1.607684818,1.535050485,1.66044363,1.699911367,1.427962093,1.619682442,1.451274599,1.556906929,1.564666792,1.457315764,1.355415783
6,-2.490218512,-2.441331255,-2.532400149,-2.739536325,-2.871075228,-2.896792116,-3.249966273,-2.639171439,-3.063483139,-2.863405774,-2.494004539,-2.745331842,-3.008667394,-2.740115203,-2.6341192,-2.735064732,-2.677279871,-3.151667713,-2.602917212,-2.633678869,-2.729906766,-2.506644998,-1.99621159,-1.901932628,-2.493135077,-2.417050837,-1.919203779,-1.639895878,-2.205612997,-1.631229388,-2.173459092,-1.616418917,-2.181534931,-1.826535622,-1.485349748,-1.538440125,-1.285277845,-1.19352009,-1.407584566,-1.892246273,-1.822840438,-1.770678546,-1.250338952,-2.159157657,-1.545712753,-1.947334191,-2.065203624,-1.743946083,-1.840432359,-1.874400101,-1.896568014,-2.314738022,-2.33976279,-2.492794741,-2.510525548,-2.076370094,-1.724282418,-2.136919436,-1.868216325,-1.94102533,-2.000831647,-1.643670041,-1.723680537,-2.025056044,-2.085072425,-2.187027783,-1.720354296,-2.158918727,-1.697161378,-1.706711148,-1.71862909,-1.740904187,-2.415547971,-1.518503969,-1.886552387,-1.851054112,-1.94701261,-2.072928103,-1.575591061,-2.528781785,-1.891275716,-2.201119041,-2.395617938,-1.545015844,-2.336235592,-2.114274843,-1.811090415,-2.199563306,-1.651035371,-2.553769852,-2.090145027,-2.498270217,-1.942318988,-1.800870868,-1.974934845,-2.295098254
7,1.456471341,1.360105134,1.279397554,1.377802117,1.317604865,1.125915647,1.135460646,1.241885713,1.187225552,1.056751661,1.304152288,1.199290546,1.166543012,1.250546342,1.234216719,1.164572158,1.256340476,1.141499926,1.425363703,1.2940798,1.385362536,1.478780828,1.560938531,1.538607769,1.502027963,1.42245436,1.593417325,1.654762913,1.645666316,1.624085653,1.561490915,1.691440104,1.584040742,1.658754043,1.785338525,1.720159045,1.915294528,1.866718781,1.78137874,1.758571819,1.677691003,1.849450141,1.869300125,1.612117257,1.68069108,1.547741666,1.639510187,1.660854728,1.650195846,1.593497388,1.535188103,1.588763722,1.404529227,1.483740861,1.435398926,1.698955084,1.757458257,1.622149413,1.521509088,1.708286601,1.53184285,1.623755177,1.582452378,1.515892455,1.567905255,1.58816571,1.627269665,1.668943344,1.647493133,1.713735547,1.754219941,1.617719922,1.530869858,1.741332381,1.656693975,1.571075044,1.594340133,1.621502672,1.670135908,1.496772179,1.588688877,1.556741319,1.517806336,1.726086218,1.54851603,1.607684818,1.535050485,1.66044363,1.699911367,1.427962093,1.619682442,1.451274599,1.556906929,1.564666792,1.457315764,1.355415783
9,2.912942681,2.720210269,2.558795108,2.755604234,2.63520973,2.251831294,2.270921291,2.483771426,2.374451104,2.113503321,2.608304576,2.398581091,2.333086023,2.501092684,2.468433439,2.329144317,2.512680951,2.282999852,2.850727407,2.588159599,2.770725073,2.957561657,3.121877061,3.077215538,3.004055926,2.84490872,3.18683465,3.309525825,3.291332631,3.248171306,3.122981829,3.382880208,3.168081484,3.317508087,3.57067705,3.440318089,3.830589056,3.733437562,3.562757481,3.517143638,3.355382005,3.698900283,3.73860025,3.224234515,3.361382161,3.095483332,3.279020373,3.321709455,3.300391691,3.186994777,3.070376206,3.177527444,2.809058454,2.967481722,2.870797852,3.397910168,3.514916515,3.244298826,3.043018176,3.416573201,3.0636857,3.247510355,3.164904757,3.031784911,3.135810511,3.176331419,3.254539329,3.337886688,3.294986266,3.427471095,3.508439882,3.235439843,3.061739716,3.482664762,3.31338795,3.142150087,3.188680267,3.243005344,3.340271816,2.993544357,3.177377754,3.113482639,3.035612672,3.452172436,3.097032059,3.215369635,3.070100971,3.320887259,3.399822734,2.855924187,3.239364884,2.902549197,3.113813857,3.129333584,2.914631528,2.710831567
10,1.456471341,1.360105134,1.279397554,1.377802117,1.317604865,1.125915647,1.135460646,1.241885713,1.187225552,1.056751661,1.304152288,1.199290546,1.166543012,1.250546342,1.234216719,1.164572158,1.256340476,1.141499926,1.425363703,1.2940798,1.385362536,1.478780828,1.560938531,1.538607769,1.502027963,1.42245436,1.593417325,1.654762913,1.645666316,1.624085653,1.561490915,1.691440104,1.584040742,1.658754043,1.785338525,1.720159045,1.915294528,1.866718781,1.78137874,1.758571819,1.677691003,1.849450141,1.869300125,1.612117257,1.68069108,1.547741666,1.639510187,1.660854728,1.650195846,1.593497388,1.535188103,1.588763722,1.404529227,1.483740861,1.435398926,1.698955084,1.757458257,1.622149413,1.521509088,1.708286601,1.53184285,1.623755177,1.582452378,1.515892455,1.567905255,1.58816571,1.627269665,1.668943344,1.647493133,1.713735547,1.754219941,1.617719922,1.530869858,1.741332381,1.656693975,1.571075044,1.594340133,1.621502672,1.670135908,1.496772179,1.588688877,1.556741319,1.517806336,1.726086218,1.54851603,1.607684818,1.535050485,1.66044363,1.699911367,1.427962093,1.619682442,1.451274599,1.556906929,1.564666792,1.457315764,1.355415783
11,2.912942681,2.720210269,2.558795108,2.755604234,2.63520973,2.251831294,2.270921291,2.483771426,2.374451104,2.113503321,2.608304576,2.398581091,2.333086023,2.501092684,2.468433439,2.329144317,2.512680951,2.282999852,2.850727407,2.588159599,2.770725073,2.957561657,3.121877061,3.077215538,3.004055926,2.84490872,3.18683465,3.309525825,3.291332631,3.248171306,3.122981829,3.382880208,3.168081484,3.317508087,3.57067705,3.440318089,3.830589056,3.733437562,3.562757481,3.517143638,3.355382005,3.698900283,3.73860025,3.224234515,3.361382161,3.095483332,3.279020373,3.321709455,3.300391691,3.186994777,3.070376206,3.177527444,2.809058454,2.967481722,2.870797852,3.397910168,3.514916515,3.244298826,3.043018176,3.416573201,3.0636857,3.247510355,3.164904757,3.031784911,3.135810511,3.176331419,3.254539329,3.337886688,3.294986266,3.427471095,3.508439882,3.235439843,3.061739716,3.482664762,3.31338795,3.142150087,3.188680267,3.243005344,3.340271816,2.993544357,3.177377754,3.113482639,3.035612672,3.452172436,3.097032059,3.215369635,3.070100971,3.320887259,3.399822734,2.855924187,3.239364884,2.902549197,3.113813857,3.129333584,2.914631528,2.710831567
12,1.456471341,1.360105134,1.279397554,1.377802117,1.317604865,1.125915647,1.135460646,1.241885713,1.187225552,1.056751661,1.304152288,1.199290546,1.166543012,1.250546342,1.234216719,1.164572158,1.256340476,1.141499926,1.425363703,1.2940798,1.385362536,1.478780828,1.560938531,1.538607769,1.502027963,1.42245436,1.593417325,1.654762913,1.645666316,1.624085653,1.561490915,1.691440104,1.584040742,1.658754043,1.785338525,1.720159045,1.915294528,1.866718781,1.78137874,1.758571819,1.677691003,1.849450141,1.869300125,1.612117257,1.68069108,1.547741666,1.639510187,1.660854728,1.650195846,1.593497388,1.535188103,1.588763722,1.404529227,1.483740861,1.435398926,1.698955084,1.757458257,1.622149413,1.521509088,1.708286601,1.53184285,1.623755177,1.582452378,1.515892455,1.567905255,1.58816571,1.627269665,1.668943344,1.647493133,1.713735547,1.754219941,1.617719922,1.530869858,1.741332381,1.656693975,1.571075044,1.594340133,1.621502672,1.670135908,1.496772179,1.588688877,1.556741319,1.517806336,1.726086218,1.54851603,1.607684818,1.535050485,1.66044363,1.699911367,1.427962093,1.619682442,1.451274599,1.556906929,1.564666792,1.457315764,1.355415783
16,2.912942681,2.720210269,2.558795108,2.755604234,2.63520973,2.251831294,2.270921291,2.483771426,2.374451104,2.113503321,2.608304576,2.398581091,2.333086023,2.501092684,2.468433439,2.329144317,2.512680951,2.282999852,2.850727407,2.588159599,2.770725073,2.957561657,3.121877061,3.077215538,3.004055926,2.84490872,3.18683465,3.309525825,3.291332631,3.248171306,3.122981829,3.382880208,3.168081484,3.317508087,3.57067705,3.440318089,3.830589056,3.733437562,3.562757481,3.517143638,3.355382005,3.698900283,3.73860025,3.224234515,3.361382161,3.095483332,3.279020373,3.321709455,3.300391691,3.186994777,3.070376206,3.177527444,2.809058454,2.967481722,2.870797852,3.397910168,3.514916515,3.244298826,3.043018176,3.416573201,3.0636857,3.247510355,3.164904757,3.031784911,3.135810511,3.176331419,3.254539329,3.337886688,3.294986266,3.427471095,3.508439882,3.235439843,3.061739716,3.482664762,3.31338795,3.142150087,3.188680267,3.243005344,3.340271816,2.993544357,3.177377754,3.113482639,3.035612672,3.452172436,3.097032059,3.215369635,3.070100971,3.320887259,3.399822734,2.855924187,3.239364884,2.902549197,3.113813857,3.129333584,2.914631528,2.710831567
17,1.456471341,1.360105134,1.279397554,1.377802117,1.317604865,1.125915647,1.135460646,1.241885713,1.187225552,1.056751661,1.304152288,1.199290546,1.166543012,1.250546342,1.234216719,1.164572158,1.256340476,1.141499926,1.425363703,1.2940798,1.385362536,1.478780828,1.560938531,1.538607769,1.502027963,1.42245436,1.593417325,1.654762913,1.645666316,1.624085653,1.561490915,1.691440104,1.584040742,1.658754043,1.785338525,1.720159045,1.915294528,1.866718781,1.78137874,1.758571819,1.677691003,1.849450141,1.869300125,1.612117257,1.68069108,1.547741666,1.639510187,1.660854728,1.650195846,1.593497388,1.535188103,1.588763722,1.404529227,1.483740861,1.435398926,1.698955084,1.757458257,1.622149413,1.521509088,1.708286601,1.53184285,1.623755177,1.582452378,1.515892455,1.567905255,1.58816571,1.627269665,1.668943344,1.647493133,1.713735547,1.754219941,1.617719922,1.530869858,1.741332381,1.656693975,1.571075044,1.594340133,1.621502672,1.670135908,1.496772179,1.588688877,1.556741319,1.517806336,1.726086218,1.54851603,1.607684818,1.535050485,1.66044363,1.699911367,1.427962093,1.619682442,1.451274599,1.556906929,1.564666792,1.457315764,1.355415783
19,2.912942681,2.720210269,2.558795108,2.755604234,2.63520973,2.251831294,2.270921291,2.483771426,2.374451104,2.113503321,2.608304576,2.398581091,2.333086023,2.501092684,2.468433439,2.329144317,2.512680951,2.282999852,2.850727407,2.588159599,2.770725073,2.957561657,3.121877061,3.077215538,3.004055926,2.84490872,3.18683465,3.309525825,3.291332631,3.248171306,3.122981829,3.382880208,3.168081484,3.317508087,3.57067705,3.440318089,3.830589056,3.733437562,3.562757481,3.517143638,3.355382005,3.698900283,3.73860025,3.224234515,3.361382161,3.095483332,3.279020373,3.321709455,3.300391691,3.186994777,3.070376206,3.177527444,2.809058454,2.967481722,2.870797852,3.397910168,3.514916515,3.244298826,3.043018176,3.416573201,3.0636857,3.247510355,3.164904757,3.031784911,3.135810511,3.176331419,3.254539329,3.337886688,3.294986266,3.427471095,3.508439882,3.235439843,3.061739716,3.482664762,3.31338795,3.142150087,3.188680267,3.243005344,3.340271816,2.993544357,3.177377754,3.113482639,3.035612672,3.452172436,3.097032059,3.215369635,3.070100971,3.320887259,3.399822734,2.855924187,3.239364884,2.902549197,3.113813857,3.129333584,2.914631528,2.710831567
20,2.912942681,2.720210269,2.558795108,2.755604234,2.63520973,2.251831294,2.270921291,2.483771426,2.374451104,2.113503321,2.608304576,2.398581091,2.333086023,2.501092684,2.468433439,2.329144317,2.512680951,2.282999852,2.850727407,2.588159599,2.770725073,2.957561657,3.121877061,3.077215538,3.004055926,2.84490872,3.18683465,3.309525825,3.291332631,3.248171306,3.122981829,3.382880208,3.168081484,3.317508087,3.57067705,3.440318089,3.830589056,3.733437562,3.562757481,3.517143638,3.355382005,3.698900283,3.73860025,3.224234515,3.361382161,3.095483332,3.279020373,3.321709455,3.300391691,3.186994777,3.070376206,3.177527444,2.809058454,2.967481722,2.870797852,3.397910168,3.514916515,3.244298826,3.043018176,3.416573201,3.0636857,3.247510355,3.164904757,3.031784911,3.135810511,3.176331419,3.254539329,3.337886688,3.294986266,3.427471095,3.508439882,3.235439843,3.061739716,3.482664762,3.31338795,3.142150087,3.188680267,3.243005344,3.340271816,2.993544357,3.177377754,3.113482639,3.035612672,3.452172436,3.097032059,3.215369635,3.070100971,3.320887259,3.399822734,2.855924187,3.239364884,2.902549197,3.113813857,3.129333584,2.914631528,2.710831567
22,2.912942681,2.720210269,2.558795108,2.755604234,2.63520973,2.251831294,2.270921291,2.483771426,2.374451104,2.113503321,2.608304576,2.398581091,2.333086023,2.501092684,2.468433439,2.329144317,2.512680951,2.282999852,2.850727407,2.588159599,2.770725073,2.957561657,3.121877061,3.077215538,3.004055926,2.84490872,3.18683465,3.309525825,3.291332631,3.248171306,3.122981829,3.382880208,3.168081484,3.317508087,3.57067705,3.440318089,3.830589056,3.733437562,3.562757481,3.517143638,3.355382005,3.698900283,3.73860025,3.224234515,3.361382161,3.095483332,3.279020373,3.321709455,3.300391691,3.186994777,3.070376206,3.177527444,2.809058454,2.967481722,2.870797852,3.397910168,3.514916515,3.244298826,3.043018176,3.416573201,3.0636857,3.247510355,3.164904757,3.031784911,3.135810511,3.176331419,3.254539329,3.337886688,3.294986266,3.427471095,3.508439882,3.235439843,3.061739716,3.482664762,3.31338795,3.142150087,3.188680267,3.243005344,3.340271816,2.993544357,3.177377754,3.113482639,3.035612672,3.452172436,3.097032059,3.215369635,3.070100971,3.320887259,3.399822734,2.855924187,3.239364884,2.902549197,3.113813857,3.129333584,2.914631528,2.710831567
24,2.902190401,2.759399355,2.559643739,2.582380762,2.73170058,2.904010557,2.761593244,2.543588943,2.683038192,2.883070776,2.889927803,2.814725149,2.889980624,2.750270062,2.589217556,2.516417787,2.801458588,2.700031853,2.439755922,2.443729005,2.421435379,2.557084449,2.401012614,2.716416499,2.67212918,2.71284438,2.421763395,2.457313769,2.382111333,2.676300686,2.752195087,2.72698993,2.941915684,3.19660403,3.299759817,3.416414636,3.446225603,3.263844753,3.176165057,3.589399701,3.611173927,3.263038355,3.591330203,3.557173255,3.393164002,3.313419216,3.09425346,2.69420994,2.789695992,2.794783602,2.832725797,2.510484929,2.667061651,3.058652459,2.767352997,3.098892927,3.406515798,3.356194863,3.444434435,3.383682252,3.55740512,3.336607442,3.339941027,3.46618093,3.646030886,3.453015278,3.165578022,2.984659329,2.795894035,2.983124839,2.602379153,2.643516165,2.70164004,2.832586583,2.505165629,2.474441452,2.680244421,3.050545403,2.907557197,2.910740524,2.96139601,3.058241753,2.878151288,2.91452434,2.729719844,2.97069894,2.96286201,2.751276938,2.405155359,2.767022238,2.795530623,2.524242212,2.776768522,2.661945104,2.4719173,2.7109042
28,2.902190401,2.759399355,2.559643739,2.582380762,2.73170058,2.904010557,2.761593244,2.543588943,2.683038192,2.883070776,2.889927803,2.814725149,2.889980624,2.750270062,2.589217556,2.516417787,2.801458588,2.700031853,2.439755922,2.443729005,2.421435379,2.557084449,2.401012614,2.716416499,2.67212918,2.71284438,2.421763395,2.457313769,2.382111333,2.676300686,2.752195087,2.72698993,2.941915684,3.19660403,3.299759817,3.416414636,3.446225603,3.263844753,3.176165057,3.589399701,3.611173927,3.263038355,3.591330203,3.557173255,3.393164002,3.313419216,3.09425346,2.69420994,2.789695992,2.794783602,2.832725797,2.510484929,2.667061651,3.058652459,2.767352997,3.098892927,3.406515798,3.356194863,3.444434435,3.383682252,3.55740512,3.336607442,3.339941027,3.46618093,3.646030886,3.453015278,3.165578022,2.984659329,2.795894035,2.983124839,2.602379153,2.643516165,2.70164004,2.832586583,2.505165629,2.474441452,2.680244421,3.050545403,2.907557197,2.910740524,2.96139601,3.058241753,2.878151288,2.91452434,2.729719844,2.97069894,2.96286201,2.751276938,2.405155359,2.767022238,2.795530623,2.524242212,2.776768522,2.661945104,2.4719173,2.7109042
29,2.902190401,2.759399355,2.559643739,2.582380762,2.73170058,2.904010557,2.761593244,2.543588943,2.683038192,2.883070776,2.889927803,2.814725149,2.889980624,2.750270062,2.589217556,2.516417787,2.801458588,2.700031853,2.439755922,2.443729005,2.421435379,2.557084449,2.401012614,2.716416499,2.67212918,2.71284438,2.421763395,2.457313769,2.382111333,2.676300686,2.752195087,2.72698993,2.941915684,3.19660403,3.299759817,3.416414636,3.446225603,3.263844753,3.176165057,3.589399701,3.611173927,3.263038355,3.591330203,3.557173255,3.393164002,3.313419216,3.09425346,2.69420994,2.789695992,2.794783602,2.832725797,2.510484929,2.667061651,3.058652459,2.767352997,3.098892927,3.406515798,3.356194863,3.444434435,3.383682252,3.55740512,3.336607442,3.339941027,3.46618093,3.646030886,3.453015278,3.165578022,2.984659329,2.795894035,2.983124839,2.602379153,2.643516165,2.70164004,2.832586583,2.505165629,2.474441452,2.680244421,3.050545403,2.907557197,2.910740524,2.96139601,3.058241753,2.878151288,2.91452434,2.729719844,2.97069894,2.96286201,2.751276938,2.405155359,2.767022238,2.795530623,2.524242212,2.776768522,2.661945104,2.4719173,2.7109042
30,2.902190401,2.759399355,2.559643739,2.582380762,2.73170058,2.904010557,2.761593244,2.543588943,2.683038192,2.883070776,2.889927803,2.814725149,2.889980624,2.750270062,2.589217556,2.516417787,2.801458588,2.700031853,2.439755922,2.443729005,2.421435379,2.557084449,2.401012614,2.716416499,2.67212918,2.71284438,2.421763395,2.457313769,2.382111333,2.676300686,2.752195087,2.72698993,2.941915684,3.19660403,3.299759817,3.416414636,3.446225603,3.263844753,3.176165057,3.589399701,3.611173927,3.263038355,3.591330203,3.557173255,3.393164002,3.313419216,3.09425346,2.69420994,2.789695992,2.794783602,2.832725797,2.510484929,2.667061651,3.058652459,2.767352997,3.098892927,3.406515798,3.356194863,3.444434435,3.383682252,3.55740512,3.336607442,3.339941027,3.46618093,3.646030886,3.453015278,3.165578022,2.984659329,2.795894035,2.983124839,2.602379153,2.643516165,2.70164004,2.832586583,2.505165629,2.474441452,2.680244421,3.050545403,2.907557197,2.910740524,2.96139601,3.058241753,2.878151288,2.91452434,2.729719844,2.97069894,2.96286201,2.751276938,2.405155359,2.767022238,2.795530623,2.524242212,2.776768522,2.661945104,2.4719173,2.7109042
31,1.451095201,1.379699677,1.279821869,1.291190381,1.36585029,1.452005278,1.380796622,1.271794471,1.341519096,1.441535388,1.444963901,1.407362575,1.444990312,1.375135031,1.294608778,1.258208894,1.400729294,1.350015926,1.219877961,1.221864502,1.21071769,1.278542224,1.200506307,1.358208249,1.33606459,1.35642219,1.210881697,1.228656885,1.191055666,1.338150343,1.376097543,1.363494965,1.470957842,1.598302015,1.649879908,1.708207318,1.723112801,1.631922376,1.588082528,1.794699851,1.805586964,1.631519178,1.795665101,1.778586628,1.696582001,1.656709608,1.54712673,1.34710497,1.394847996,1.397391801,1.416362898,1.255242464,1.333530826,1.52932623,1.383676499,1.549446464,1.703257899,1.678097432,1.722217218,1.691841126,1.77870256,1.668303721,1.669970514,1.733090465,1.823015443,1.726507639,1.582789011,1.492329664,1.397947017,1.49156242,1.301189577,1.321758082,1.35082002,1.416293292,1.252582814,1.237220726,1.34012221,1.525272701,1.453778598,1.455370262,1.480698005,1.529120876,1.439075644,1.45726217,1.364859922,1.48534947,1.481431005,1.375638469,1.202577679,1.383511119,1.397765311,1.262121106,1.388384261,1.330972552,1.23595865,1.3554521
32,1.451095201,1.379699677,1.279821869,1.291190381,1.36585029,1.452005278,1.380796622,1.271794471,1.341519096,1.441535388,1.444963901,1.407362575,1.444990312,1.375135031,1.294608778,1.258208894,1.400729294,1.350015926,1.219877961,1.221864502,1.21071769,1.278542224,1.200506307,1.358208249,1.33606459,1.35642219,1.210881697,1.228656885,1.191055666,1.338150343,1.376097543,1.363494965,1.470957842,1.598302015,1.649879908,1.708207318,1.723112801,1.631922376,1.588082528,1.794699851,1.805586964,1.631519178,1.795665101,1.778586628,1.696582001,1.656709608,1.54712673,1.34710497,1.394847996,1.397391801,1.416362898,1.255242464,1.333530826,1.52932623,1.383676499,1.549446464,1.703257899,1.678097432,1.722217218,1.691841126,1.77870256,1.668303721,1.669970514,1.733090465,1.823015443,1.726507639,1.582789011,1.492329664,1.397947017,1.49156242,1.301189577,1.321758082,1.35082002,1.416293292,1.252582814,1.237220726,1.34012221,1.525272701,1.453778598,1.455370262,1.480698005,1.529120876,1.439075644,1.45726217,1.364859922,1.48534947,1.481431005,1.375638469,1.202577679,1.383511119,1.397765311,1.262121106,1.388384261,1.330972552,1.23595865,1.3554521
33,2.902190401,2.759399355,2.559643739,2.582380762,2.73170058,2.904010557,2.761593244,2.543588943,2.683038192,2.883070776,2.889927803,2.814725149,2.889980624,2.750270062,2.589217556,2.516417787,2.801458588,2.700031853,2.439755922,2.443729005,2.421435379,2.557084449,2.401012614,2.716416499,2.67212918,2.71284438,2.421763395,2.457313769,2.382111333,2.676300686,2.752195087,2.72698993,2.941915684,3.19660403,3.299759817,3.416414636,3.446225603,3.263844753,3.176165057,3.589399701,3.611173927,3.263038355,3.591330203,3.557173255,3.393164002,3.313419216,3.09425346,2.69420994,2.789695992,2.794783602,2.832725797,2.510484929,2.667061651,3.058652459,2.767352997,3.098892927,3.406515798,3.356194863,3.444434435,3.383682252,3.55740512,3.336607442,3.339941027,3.46618093,3.646030886,3.453015278,3.165578022,2.984659329,2.795894035,2.983124839,2.602379153,2.643516165,2.70164004,2.832586583,2.505165629,2.474441452,2.680244421,3.050545403,2.907557197,2.910740524,2.96139601,3.058241753,2.878151288,2.91452434,2.729719844,2.97069894,2.96286201,2.751276938,2.405155359,2.767022238,2.795530623,2.524242212,2.776768522,2.661945104,2.4719173,2.7109042
34,2.902190401,2.759399355,2.559643739,2.582380762,2.73170058,2.904010557,2.761593244,2.543588943,2.683038192,2.883070776,2.889927803,2.814725149,2.889980624,2.750270062,2.589217556,2.516417787,2.801458588,2.700031853,2.439755922,2.443729005,2.421435379,2.557084449,2.401012614,2.716416499,2.67212918,2.71284438,2.421763395,2.457313769,2.382111333,2.676300686,2.752195087,2.72698993,2.941915684,3.19660403,3.299759817,3.416414636,3.446225603,3.263844753,3.176165057,3.589399701,3.611173927,3.263038355,3.591330203,3.557173255,3.393164002,3.313419216,3.09425346,2.69420994,2.789695992,2.794783602,2.832725797,2.510484929,2.667061651,3.058652459,2.767352997,3.098892927,3.406515798,3.356194863,3.444434435,3.383682252,3.55740512,3.336607442,3.339941027,3.46618093,3.646030886,3.453015278,3.165578022,2.984659329,2.795894035,2.983124839,2.602379153,2.643516165,2.70164004,2.832586583,2.505165629,2.474441452,2.680244421,3.050545403,2.907557197,2.910740524,2.96139601,3.058241753,2.878151288,2.91452434,2.729719844,2.97069894,2.96286201,2.751276938,2.405155359,2.767022238,2.795530623,2.524242212,2.776768522,2.661945104,2.4719173,2.7109042
35,2.902190401,2.759399355,2.559643739,2.582380762,2.73170058,2.904010557,2.761593244,2.543588943,2.683038192,2.883070776,2.889927803,2.814725149,2.889980624,2.750270062,2.589217556,2.516417787,2.801458588,2.700031853,2.439755922,2.443729005,2.421435379,2.557084449,2.401012614,2.716416499,2.67212918,2.71284438,2.421763395,2.457313769,2.382111333,2.676300686,2.752195087,2.72698993,2.941915684,3.19660403,3.299759817,3.416414636,3.446225603,3.263844753,3.176165057,3.589399701,3.611173927,3.263038355,3.591330203,3.557173255,3.393164002,3.313419216,3.09425346,2.69420994,2.789695992,2.794783602,2.832725797,2.510484929,2.667061651,3.058652459,2.767352997,3.098892927,3.406515798,3.356194863,3.444434435,3.383682252,3.55740512,3.336607442,3.339941027,3.46618093,3.646030886,3.453015278,3.165578022,2.984659329,2.795894035,2.983124839,2.602379153,2.643516165,2.70164004,2.832586583,2.505165629,2.474441452,2.680244421,3.050545403,2.907557197,2.910740524,2.96139601,3.058241753,2.878151288,2.91452434,2.729719844,2.97069894,2.96286201,2.751276938,2.405155359,2.767022238,2.795530623,2.524242212,2.776768522,2.661945104,2.4719173,2.7109042
37,2.902190401,2.759399355,2.559643739,2.582380762,2.73170058,2.904010557,2.761593244,2.543588943,2.683038192,2.883070776,2.889927803,2.814725149,2.889980624,2.750270062,2.589217556,2.516417787,2.801458588,2.700031853,2.439755922,2.443729005,2.421435379,2.557084449,2.401012614,2.716416499,2.67212918,2.71284438,2.421763395,2.457313769,2.382111333,2.676300686,2.752195087,2.72698993,2.941915684,3.19660403,3.299759817,3.416414636,3.446225603,3.263844753,3.176165057,3.589399701,3.611173927,3.263038355,3.591330203,3.557173255,3.393164002,3.313419216,3.09425346,2.69420994,2.789695992,2.794783602,2.832725797,2.510484929,2.667061651,3.058652459,2.767352997,3.098892927,3.406515798,3.356194863,3.444434435,3.383682252,3.55740512,3.336607442,3.339941027,3.46618093,3.646030886,3.453015278,3.165578022,2.984659329,2.795894035,2.983124839,2.602379153,2.643516165,2.70164004,2.832586583,2.505165629,2.474441452,2.680244421,3.050545403,2.907557197,2.910740524,2.96139601,3.058241753,2.878151288,2.91452434,2.729719844,2.97069894,2.96286201,2.751276938,2.405155359,2.767022238,2.795530623,2.524242212,2.776768522,2.661945104,2.4719173,2.7109042
38,1.451095201,1.379699677,1.279821869,1.291190381,1.36585029,1.452005278,1.380796622,1.271794471,1.341519096,1.441535388,1.444963901,1.407362575,1.444990312,1.375135031,1.294608778,1.258208894,1.400729294,1.350015926,1.219877961,1.221864502,1.21071769,1.278542224,1.200506307,1.358208249,1.33606459,1.35642219,1.210881697,1.228656885,1.191055666,1.338150343,1.376097543,1.363494965,1.470957842,1.598302015,1.649879908,1.708207318,1.723112801,1.631922376,1.588082528,1.794699851,1.805586964,1.631519178,1.795665101,1.778586628,1.696582001,1.656709608,1.54712673,1.34710497,1.394847996,1.397391801,1.416362898,1.255242464,1.333530826,1.52932623,1.383676499,1.549446464,1.703257899,1.678097432,1.722217218,1.691841126,1.77870256,1.668303721,1.669970514,1.733090465,1.823015443,1.726507639,1.582789011,1.492329664,1.397947017,1.49156242,1.301189577,1.321758082,1.35082002,1.416293292,1.252582814,1.237220726,1.34012221,1.525272701,1.453778598,1.455370262,1.480698005,1.529120876,1.439075644,1.45726217,1.364859922,1.48534947,1.481431005,1.375638469,1.202577679,1.383511119,1.397765311,1.262121106,1.388384261,1.330972552,1.23595865,1.3554521
39,1.451095201,1.379699677,1.279821869,1.291190381,1.36585029,1.452005278,1.380796622,1.271794471,1.341519096,1.441535388,1.444963901,1.407362575,1.444990312,1.375135031,1.294608778,1.258208894,1.400729294,1.350015926,1.219877961,1.221864502,1.21071769,1.278542224,1.200506307,1.358208249,1.33606459,1.35642219,1.210881697,1.228656885,1.191055666,1.338150343,1.376097543,1.363494965,1.470957842,1.598302015,1.649879908,1.708207318,1.723112801,1.631922376,1.588082528,1.794699851,1.805586964,1.631519178,1.795665101,1.778586628,1.696582001,1.656709608,1.54712673,1.34710497,1.394847996,1.397391801,1.416362898,1.255242464,1.333530826,1.52932623,1.383676499,1.549446464,1.703257899,1.678097432,1.722217218,1.691841126,1.77870256,1.668303721,1.669970514,1.733090465,1.823015443,1.726507639,1.582789011,1.492329664,1.397947017,1.49156242,1.301189577,1.321758082,1.35082002,1.416293292,1.252582814,1.237220726,1.34012221,1.525272701,1.453778598,1.455370262,1.480698005,1.529120876,1.439075644,1.45726217,1.364859922,1.48534947,1.481431005,1.375638469,1.202577679,1.383511119,1.397765311,1.262121106,1.388384261,1.330972552,1.23595865,1.3554521
41,1.451095201,1.379699677,1.279821869,1.291190381,1.36585029,1.452005278,1.380796622,1.271794471,1.341519096,1.441535388,1.444963901,1.407362575,1.444990312,1.375135031,1.294608778,1.258208894,1.400729294,1.350015926,1.219877961,1.221864502,1.21071769,1.278542224,1.200506307,1.358208249,1.33606459,1.35642219,1.210881697,1.228656885,1.191055666,1.338150343,1.376097543,1.363494965,1.470957842,1.598302015,1.649879908,1.708207318,1.723112801,1.631922376,1.588082528,1.794699851,1.805586964,1.631519178,1.795665101,1.778586628,1.696582001,1.656709608,1.54712673,1.34710497,1.394847996,1.397391801,1.416362898,1.255242464,1.333530826,1.52932623,1.383676499,1.549446464,1.703257899,1.678097432,1.722217218,1.691841126,1.77870256,1.668303721,1.669970514,1.733090465,1.823015443,1.726507639,1.582789011,1.492329664,1.397947017,1.49156242,1.301189577,1.321758082,1.35082002,1.416293292,1.252582814,1.237220726,1.34012221,1.525272701,1.453778598,1.455370262,1.480698005,1.529120876,1.439075644,1.45726217,1.364859922,1.48534947,1.481431005,1.375638469,1.202577679,1.383511119,1.397765311,1.262121106,1.388384261,1.330972552,1.23595865,1.3554521
42,1.451095201,1.379699677,1.279821869,1.291190381,1.36585029,1.452005278,1.380796622,1.271794471,1.341519096,1.441535388,1.444963901,1.407362575,1.444990312,1.375135031,1.294608778,1.258208894,1.400729294,1.350015926,1.219877961,1.221864502,1.21071769,1.278542224,1.200506307,1.358208249,1.33606459,1.35642219,1.210881697,1.228656885,1.191055666,1.338150343,1.376097543,1.363494965,1.470957842,1.598302015,1.649879908,1.708207318,1.723112801,1.631922376,1.588082528,1.794699851,1.805586964,1.631519178,1.795665101,1.778586628,1.696582001,1.656709608,1.54712673,1.34710497,1.394847996,1.397391801,1.416362898,1.255242464,1.333530826,1.52932623,1.383676499,1.549446464,1.703257899,1.678097432,1.722217218,1.691841126,1.77870256,1.668303721,1.669970514,1.733090465,1.823015443,1.726507639,1.582789011,1.492329664,1.397947017,1.49156242,1.301189577,1.321758082,1.35082002,1.416293292,1.252582814,1.237220726,1.34012221,1.525272701,1.453778598,1.455370262,1.480698005,1.529120876,1.439075644,1.45726217,1.364859922,1.48534947,1.481431005,1.375638469,1.202577679,1.383511119,1.397765311,1.262121106,1.388384261,1.330972552,1.23595865,1.3554521
43,2.902190401,2.759399355,2.559643739,2.582380762,2.73170058,2.904010557,2.761593244,2.543588943,2.683038192,2.883070776,2.889927803,2.814725149,2.889980624,2.750270062,2.589217556,2.516417787,2.801458588,2.700031853,2.439755922,2.443729005,2.421435379,2.557084449,2.401012614,2.716416499,2.67212918,2.71284438,2.421763395,2.457313769,2.382111333,2.676300686,2.752195087,2.72698993,2.941915684,3.19660403,3.299759817,3.416414636,3.446225603,3.263844753,3.176165057,3.589399701,3.611173927,3.263038355,3.591330203,3.557173255,3.393164002,3.313419216,3.09425346,2.69420994,2.789695992,2.794783602,2.832725797,2.510484929,2.667061651,3.058652459,2.767352997,3.098892927,3.406515798,3.356194863,3.444434435,3.383682252,3.55740512,3.336607442,3.339941027,3.46618093,3.646030886,3.453015278,3.165578022,2.984659329,2.795894035,2.983124839,2.602379153,2.643516165,2.70164004,2.832586583,2.505165629,2.474441452,2.680244421,3.050545403,2.907557197,2.910740524,2.96139601,3.058241753,2.878151288,2.91452434,2.729719844,2.97069894,2.96286201,2.751276938,2.405155359,2.767022238,2.795530623,2.524242212,2.776768522,2.661945104,2.4719173,2.7109042
45,1.451095201,1.379699677,1.279821869,1.291190381,1.36585029,1.452005278,1.380796622,1.271794471,1.341519096,1.441535388,1.444963901,1.407362575,1.444990312,1.375135031,1.294608778,1.258208894,1.400729294,1.350015926,1.219877961,1.221864502,1.21071769,1.278542224,1.200506307,1.358208249,1.33606459,1.35642219,1.210881697,1.228656885,1.191055666,1.338150343,1.376097543,1.363494965,1.470957842,1.598302015,1.649879908,1.708207318,1.723112801,1.631922376,1.588082528,1.794699851,1.805586964,1.631519178,1.795665101,1.778586628,1.696582001,1.656709608,1.54712673,1.34710497,1.394847996,1.397391801,1.416362898,1.255242464,1.333530826,1.52932623,1.383676499,1.549446464,1.703257899,1.678097432,1.722217218,1.691841126,1.77870256,1.668303721,1.669970514,1.733090465,1.823015443,1.726507639,1.582789011,1.492329664,1.397947017,1.49156242,1.301189577,1.321758082,1.35082002,1.416293292,1.252582814,1.237220726,1.34012221,1.525272701,1.453778598,1.455370262,1.480698005,1.529120876,1.439075644,1.45726217,1.364859922,1.48534947,1.481431005,1.375638469,1.202577679,1.383511119,1.397765311,1.262121106,1.388384261,1.330972552,1.23595865,1.3554521
46,1.451095201,1.379699677,1.279821869,1.291190381,1.36585029,1.452005278,1.380796622,1.271794471,1.341519096,1.441535388,1.444963901,1.407362575,1.444990312,1.375135031,1.294608778,1.258208894,1.400729294,1.350015926,1.219877961,1.221864502,1.21071769,1.278542224,1.200506307,1.358208249,1.33606459,1.35642219,1.210881697,1.228656885,1.191055666,1.338150343,1.376097543,1.363494965,1.470957842,1.598302015,1.649879908,1.708207318,1.723112801,1.631922376,1.588082528,1.794699851,1.805586964,1.631519178,1.795665101,1.778586628,1.696582001,1.656709608,1.54712673,1.34710497,1.394847996,1.397391801,1.416362898,1.255242464,1.333530826,1.52932623,1.383676499,1.549446464,1.703257899,1.678097432,1.722217218,1.691841126,1.77870256,1.668303721,1.669970514,1.733090465,1.823015443,1.726507639,1.582789011,1.492329664,1.397947017,1.49156242,1.301189577,1.321758082,1.35082002,1.416293292,1.252582814,1.237220726,1.34012221,1.525272701,1.453778598,1.455370262,1.480698005,1.529120876,1.439075644,1.45726217,1.364859922,1.48534947,1.481431005,1.375638469,1.202577679,1.383511119,1.397765311,1.262121106,1.388384261,1.330972552,1.23595865,1.3554521
47,2.539416601,2.414474435,2.239688271,2.259583166,2.390238008,2.541009237,2.416394088,2.225640325,2.347658418,2.522686929,2.528686827,2.462884506,2.528733046,2.406486304,2.265565362,2.201865564,2.451276265,2.362527871,2.134786432,2.138262879,2.118755957,2.237448893,2.100886037,2.376864436,2.338113032,2.373738833,2.119042971,2.150149548,2.084347416,2.3417631,2.408170701,2.386116189,2.574176224,2.797028527,2.88728984,2.989362806,3.015447403,2.855864159,2.779144425,3.140724739,3.159777187,2.855158561,3.142413928,3.112526598,2.969018502,2.899241814,2.707471777,2.357433698,2.440983993,2.445435652,2.478635072,2.196674313,2.333678945,2.676320902,2.421433873,2.711531311,2.980701323,2.936670505,3.013880131,2.96072197,3.11272948,2.919531512,2.922448399,3.032908314,3.190277025,3.021388368,2.76988077,2.611576913,2.44640728,2.610234234,2.277081759,2.313076644,2.363935035,2.47851326,2.192019925,2.165136271,2.345213868,2.669227227,2.544112547,2.546897958,2.591221508,2.675961534,2.518382377,2.550208798,2.388504864,2.599361573,2.592504259,2.40736732,2.104510939,2.421144458,2.446089295,2.208711936,2.429672457,2.329201966,2.162927638,2.372041175
48,0.091299793,0.064449003,-0.220188311,-0.553271106,-0.30224856,0.329443019,-0.263415729,-0.277589687,-0.324314772,0.451303925,0.347549856,0.177541688,0.126616785,-0.025065441,-0.178917866,-0.270923378,0.111819462,-0.291560471,-0.764560631,-0.543632828,-0.8399944,-0.568985281,-0.52261745,0.157592103,-0.398104092,-0.109715772,-0.4751803,-0.268397861,-0.905408825,0.179464021,-0.072680987,0.157494724,0.210244988,0.845709015,1.10747802,1.382948799,1.308556128,1.163767408,0.970280806,1.288166483,1.539656733,0.661475125,1.679653207,1.255768115,1.40841093,1.143575146,0.481813712,0.038877668,0.13659194,0.218814493,0.372398556,-0.676434881,-0.085400181,0.312386607,-0.1245077,0.369880843,1.125219017,0.906062615,1.49431303,0.975968373,1.55051987,1.324127274,1.332356526,1.397963439,1.561277495,1.091983626,0.947552039,0.149179596,0.284678274,0.481223321,-0.270823226,0.032604953,-0.328087795,0.340563077,-0.415905076,-0.278839027,-0.050211842,0.431438966,0.550505515,-0.003735907,0.503685968,0.446136901,0.023321113,0.487628413,-0.238314258,0.279051319,0.679293393,-0.281065881,-0.45330868,-0.151274812,-0.02736902,-0.567947896,0.192145364,0.107445977,-0.187590607,0.123224054
49,5.078833202,4.828948871,4.479376543,4.519166333,4.780476016,5.082018474,4.832788176,4.45128065,4.695316837,5.045373859,5.057373654,4.925769011,5.057466093,4.812972608,4.531130723,4.403731128,4.902552529,4.725055743,4.269572863,4.276525758,4.237511913,4.474897785,4.201772074,4.753728872,4.676226065,4.747477666,4.238085941,4.300299096,4.168694832,4.6835262,4.816341402,4.772232377,5.148352448,5.594057053,5.77457968,5.978725613,6.030894805,5.711728318,5.558288849,6.281449477,6.319554373,5.710317121,6.284827855,6.225053197,5.938037004,5.798483628,5.414943555,4.714867396,4.881967986,4.890871304,4.957270145,4.393348626,4.66735789,5.352641803,4.842867745,5.423062623,5.961402647,5.873341011,6.027760262,5.921443941,6.22545896,5.839063023,5.844896798,6.065816627,6.380554051,6.042776736,5.539761539,5.223153826,4.892814561,5.220468469,4.554163518,4.626153288,4.727870069,4.95702652,4.38403985,4.330272541,4.690427737,5.338454455,5.088225094,5.093795917,5.182443017,5.351923067,5.036764754,5.100417595,4.777009728,5.198723145,5.185008518,4.814734641,4.209021878,4.842288916,4.89217859,4.417423871,4.859344913,4.658403932,4.325855275,4.744082351
50,2.902190401,2.759399355,2.559643739,2.582380762,2.73170058,2.904010557,2.761593244,2.543588943,2.683038192,2.883070776,2.889927803,2.814725149,2.889980624,2.750270062,2.589217556,2.516417787,2.801458588,2.700031853,2.439755922,2.443729005,2.421435379,2.557084449,2.401012614,2.716416499,2.67212918,2.71284438,2.421763395,2.457313769,2.382111333,2.676300686,2.752195087,2.72698993,2.941915684,3.19660403,3.299759817,3.416414636,3.446225603,3.263844753,3.176165057,3.589399701,3.611173927,3.263038355,3.591330203,3.557173255,3.393164002,3.313419216,3.09425346,2.69420994,2.789695992,2.794783602,2.832725797,2.510484929,2.667061651,3.058652459,2.767352997,3.098892927,3.406515798,3.356194863,3.444434435,3.383682252,3.55740512,3.336607442,3.339941027,3.46618093,3.646030886,3.453015278,3.165578022,2.984659329,2.795894035,2.983124839,2.602379153,2.643516165,2.70164004,2.832586583,2.505165629,2.474441452,2.680244421,3.050545403,2.907557197,2.910740524,2.96139601,3.058241753,2.878151288,2.91452434,2.729719844,2.97069894,2.96286201,2.751276938,2.405155359,2.767022238,2.795530623,2.524242212,2.776768522,2.661945104,2.4719173,2.7109042
51,1.451095201,1.379699677,1.279821869,1.291190381,1.36585029,1.452005278,1.380796622,1.271794471,1.341519096,1.441535388,1.444963901,1.407362575,1.444990312,1.375135031,1.294608778,1.258208894,1.400729294,1.350015926,1.219877961,1.221864502,1.21071769,1.278542224,1.200506307,1.358208249,1.33606459,1.35642219,1.210881697,1.228656885,1.191055666,1.338150343,1.376097543,1.363494965,1.470957842,1.598302015,1.649879908,1.708207318,1.723112801,1.631922376,1.588082528,1.794699851,1.805586964,1.631519178,1.795665101,1.778586628,1.696582001,1.656709608,1.54712673,1.34710497,1.394847996,1.397391801,1.416362898,1.255242464,1.333530826,1.52932623,1.383676499,1.549446464,1.703257899,1.678097432,1.722217218,1.691841126,1.77870256,1.668303721,1.669970514,1.733090465,1.823015443,1.726507639,1.582789011,1.492329664,1.397947017,1.49156242,1.301189577,1.321758082,1.35082002,1.416293292,1.252582814,1.237220726,1.34012221,1.525272701,1.453778598,1.455370262,1.480698005,1.529120876,1.439075644,1.45726217,1.364859922,1.48534947,1.481431005,1.375638469,1.202577679,1.383511119,1.397765311,1.262121106,1.388384261,1.330972552,1.23595865,1.3554521
52,2.902190401,2.759399355,2.559643739,2.582380762,2.73170058,2.904010557,2.761593244,2.543588943,2.683038192,2.883070776,2.889927803,2.814725149,2.889980624,2.750270062,2.589217556,2.516417787,2.801458588,2.700031853,2.439755922,2.443729005,2.421435379,2.557084449,2.401012614,2.716416499,2.67212918,2.71284438,2.421763395,2.457313769,2.382111333,2.676300686,2.752195087,2.72698993,2.941915684,3.19660403,3.299759817,3.416414636,3.446225603,3.263844753,3.176165057,3.589399701,3.611173927,3.263038355,3.591330203,3.557173255,3.393164002,3.313419216,3.09425346,2.69420994,2.789695992,2.794783602,2.832725797,2.510484929,2.667061651,3.058652459,2.767352997,3.098892927,3.406515798,3.356194863,3.444434435,3.383682252,3.55740512,3.336607442,3.339941027,3.46618093,3.646030886,3.453015278,3.165578022,2.984659329,2.795894035,2.983124839,2.602379153,2.643516165,2.70164004,2.832586583,2.505165629,2.474441452,2.680244421,3.050545403,2.907557197,2.910740524,2.96139601,3.058241753,2.878151288,2.91452434,2.729719844,2.97069894,2.96286201,2.751276938,2.405155359,2.767022238,2.795530623,2.524242212,2.776768522,2.661945104,2.4719173,2.7109042
53,2.902190401,2.759399355,2.559643739,2.582380762,2.73170058,2.904010557,2.761593244,2.543588943,2.683038192,2.883070776,2.889927803,2.814725149,2.889980624,2.750270062,2.589217556,2.516417787,2.801458588,2.700031853,2.439755922,2.443729005,2.421435379,2.557084449,2.401012614,2.716416499,2.67212918,2.71284438,2.421763395,2.457313769,2.382111333,2.676300686,2.752195087,2.72698993,2.941915684,3.19660403,3.299759817,3.416414636,3.446225603,3.263844753,3.176165057,3.589399701,3.611173927,3.263038355,3.591330203,3.557173255,3.393164002,3.313419216,3.09425346,2.69420994,2.789695992,2.794783602,2.832725797,2.510484929,2.667061651,3.058652459,2.767352997,3.098892927,3.406515798,3.356194863,3.444434435,3.383682252,3.55740512,3.336607442,3.339941027,3.46618093,3.646030886,3.453015278,3.165578022,2.984659329,2.795894035,2.983124839,2.602379153,2.643516165,2.70164004,2.832586583,2.505165629,2.474441452,2.680244421,3.050545403,2.907557197,2.910740524,2.96139601,3.058241753,2.878151288,2.91452434,2.729719844,2.97069894,2.96286201,2.751276938,2.405155359,2.767022238,2.795530623,2.524242212,2.776768522,2.661945104,2.4719173,2.7109042
55,1.451095201,1.379699677,1.279821869,1.291190381,1.36585029,1.452005278,1.380796622,1.271794471,1.341519096,1.441535388,1.444963901,1.407362575,1.444990312,1.375135031,1.294608778,1.258208894,1.400729294,1.350015926,1.219877961,1.221864502,1.21071769,1.278542224,1.200506307,1.358208249,1.33606459,1.35642219,1.210881697,1.228656885,1.191055666,1.338150343,1.376097543,1.363494965,1.470957842,1.598302015,1.649879908,1.708207318,1.723112801,1.631922376,1.588082528,1.794699851,1.805586964,1.631519178,1.795665101,1.778586628,1.696582001,1.656709608,1.54712673,1.34710497,1.394847996,1.397391801,1.416362898,1.255242464,1.333530826,1.52932623,1.383676499,1.549446464,1.703257899,1.678097432,1.722217218,1.691841126,1.77870256,1.668303721,1.669970514,1.733090465,1.823015443,1.726507639,1.582789011,1.492329664,1.397947017,1.49156242,1.301189577,1.321758082,1.35082002,1.416293292,1.252582814,1.237220726,1.34012221,1.525272701,1.453778598,1.455370262,1.480698005,1.529120876,1.439075644,1.45726217,1.364859922,1.48534947,1.481431005,1.375638469,1.202577679,1.383511119,1.397765311,1.262121106,1.388384261,1.330972552,1.23595865,1.3554521
56,1.451095201,1.379699677,1.279821869,1.291190381,1.36585029,1.452005278,1.380796622,1.271794471,1.341519096,1.441535388,1.444963901,1.407362575,1.444990312,1.375135031,1.294608778,1.258208894,1.400729294,1.350015926,1.219877961,1.221864502,1.21071769,1.278542224,1.200506307,1.358208249,1.33606459,1.35642219,1.210881697,1.228656885,1.191055666,1.338150343,1.376097543,1.363494965,1.470957842,1.598302015,1.649879908,1.708207318,1.723112801,1.631922376,1.588082528,1.794699851,1.805586964,1.631519178,1.795665101,1.778586628,1.696582001,1.656709608,1.54712673,1.34710497,1.394847996,1.397391801,1.416362898,1.255242464,1.333530826,1.52932623,1.383676499,1.549446464,1.703257899,1.678097432,1.722217218,1.691841126,1.77870256,1.668303721,1.669970514,1.733090465,1.823015443,1.726507639,1.582789011,1.492329664,1.397947017,1.49156242,1.301189577,1.321758082,1.35082002,1.416293292,1.252582814,1.237220726,1.34012221,1.525272701,1.453778598,1.455370262,1.480698005,1.529120876,1.439075644,1.45726217,1.364859922,1.48534947,1.481431005,1.375638469,1.202577679,1.383511119,1.397765311,1.262121106,1.388384261,1.330972552,1.23595865,1.3554521
58,1.451095201,1.379699677,1.279821869,1.291190381,1.36585029,1.452005278,1.380796622,1.271794471,1.341519096,1.441535388,1.444963901,1.407362575,1.444990312,1.375135031,1.294608778,1.258208894,1.400729294,1.350015926,1.219877961,1.221864502,1.21071769,1.278542224,1.200506307,1.358208249,1.33606459,1.35642219,1.210881697,1.228656885,1.191055666,1.338150343,1.376097543,1.363494965,1.470957842,1.598302015,1.649879908,1.708207318,1.723112801,1.631922376,1.588082528,1.794699851,1.805586964,1.631519178,1.795665101,1.778586628,1.696582001,1.656709608,1.54712673,1.34710497,1.394847996,1.397391801,1.416362898,1.255242464,1.333530826,1.52932623,1.383676499,1.549446464,1.703257899,1.678097432,1.722217218,1.691841126,1.77870256,1.668303721,1.669970514,1.733090465,1.823015443,1.726507639,1.582789011,1.492329664,1.397947017,1.49156242,1.301189577,1.321758082,1.35082002,1.416293292,1.252582814,1.237220726,1.34012221,1.525272701,1.453778598,1.455370262,1.480698005,1.529120876,1.439075644,1.45726217,1.364859922,1.48534947,1.481431005,1.375638469,1.202577679,1.383511119,1.397765311,1.262121106,1.388384261,1.330972552,1.23595865,1.3554521
59,1.451095201,1.379699677,1.279821869,1.291190381,1.36585029,1.452005278,1.380796622,1.271794471,1.341519096,1.441535388,1.444963901,1.407362575,1.444990312,1.375135031,1.294608778,1.258208894,1.400729294,1.350015926,1.219877961,1.221864502,1.21071769,1.278542224,1.200506307,1.358208249,1.33606459,1.35642219,1.210881697,1.228656885,1.191055666,1.338150343,1.376097543,1.363494965,1.470957842,1.598302015,1.649879908,1.708207318,1.723112801,1.631922376,1.588082528,1.794699851,1.805586964,1.631519178,1.795665101,1.778586628,1.696582001,1.656709608,1.54712673,1.34710497,1.394847996,1.397391801,1.416362898,1.255242464,1.333530826,1.52932623,1.383676499,1.549446464,1.703257899,1.678097432,1.722217218,1.691841126,1.77870256,1.668303721,1.669970514,1.733090465,1.823015443,1.726507639,1.582789011,1.492329664,1.397947017,1.49156242,1.301189577,1.321758082,1.35082002,1.416293292,1.252582814,1.237220726,1.34012221,1.525272701,1.453778598,1.455370262,1.480698005,1.529120876,1.439075644,1.45726217,1.364859922,1.48534947,1.481431005,1.375638469,1.202577679,1.383511119,1.397765311,1.262121106,1.388384261,1.330972552,1.23595865,1.3554521
60,1.451095201,1.379699677,1.279821869,1.291190381,1.36585029,1.452005278,1.380796622,1.271794471,1.341519096,1.441535388,1.444963901,1.407362575,1.444990312,1.375135031,1.294608778,1.258208894,1.400729294,1.350015926,1.219877961,1.221864502,1.21071769,1.278542224,1.200506307,1.358208249,1.33606459,1.35642219,1.210881697,1.228656885,1.191055666,1.338150343,1.376097543,1.363494965,1.470957842,1.598302015,1.649879908,1.708207318,1.723112801,1.631922376,1.588082528,1.794699851,1.805586964,1.631519178,1.795665101,1.778586628,1.696582001,1.656709608,1.54712673,1.34710497,1.394847996,1.397391801,1.416362898,1.255242464,1.333530826,1.52932623,1.383676499,1.549446464,1.703257899,1.678097432,1.722217218,1.691841126,1.77870256,1.668303721,1.669970514,1.733090465,1.823015443,1.726507639,1.582789011,1.492329664,1.397947017,1.49156242,1.301189577,1.321758082,1.35082002,1.416293292,1.252582814,1.237220726,1.34012221,1.525272701,1.453778598,1.455370262,1.480698005,1.529120876,1.439075644,1.45726217,1.364859922,1.48534947,1.481431005,1.375638469,1.202577679,1.383511119,1.397765311,1.262121106,1.388384261,1.330972552,1.23595865,1.3554521
62,2.902190401,2.759399355,2.559643739,2.582380762,2.73170058,2.904010557,2.761593244,2.543588943,2.683038192,2.883070776,2.889927803,2.814725149,2.889980624,2.750270062,2.589217556,2.516417787,2.801458588,2.700031853,2.439755922,2.443729005,2.421435379,2.557084449,2.401012614,2.716416499,2.67212918,2.71284438,2.421763395,2.457313769,2.382111333,2.676300686,2.752195087,2.72698993,2.941915684,3.19660403,3.299759817,3.416414636,3.446225603,3.263844753,3.176165057,3.589399701,3.611173927,3.263038355,3.591330203,3.557173255,3.393164002,3.313419216,3.09425346,2.69420994,2.789695992,2.794783602,2.832725797,2.510484929,2.667061651,3.058652459,2.767352997,3.098892927,3.406515798,3.356194863,3.444434435,3.383682252,3.55740512,3.336607442,3.339941027,3.46618093,3.646030886,3.453015278,3.165578022,2.984659329,2.795894035,2.983124839,2.602379153,2.643516165,2.70164004,2.832586583,2.505165629,2.474441452,2.680244421,3.050545403,2.907557197,2.910740524,2.96139601,3.058241753,2.878151288,2.91452434,2.729719844,2.97069894,2.96286201,2.751276938,2.405155359,2.767022238,2.795530623,2.524242212,2.776768522,2.661945104,2.4719173,2.7109042
63,2.902190401,2.759399355,2.559643739,2.582380762,2.73170058,2.904010557,2.761593244,2.543588943,2.683038192,2.883070776,2.889927803,2.814725149,2.889980624,2.750270062,2.589217556,2.516417787,2.801458588,2.700031853,2.439755922,2.443729005,2.421435379,2.557084449,2.401012614,2.716416499,2.67212918,2.71284438,2.421763395,2.457313769,2.382111333,2.676300686,2.752195087,2.72698993,2.941915684,3.19660403,3.299759817,3.416414636,3.446225603,3.263844753,3.176165057,3.589399701,3.611173927,3.263038355,3.591330203,3.557173255,3.393164002,3.313419216,3.09425346,2.69420994,2.789695992,2.794783602,2.832725797,2.510484929,2.667061651,3.058652459,2.767352997,3.098892927,3.406515798,3.356194863,3.444434435,3.383682252,3.55740512,3.336607442,3.339941027,3.46618093,3.646030886,3.453015278,3.165578022,2.984659329,2.795894035,2.983124839,2.602379153,2.643516165,2.70164004,2.832586583,2.505165629,2.474441452,2.680244421,3.050545403,2.907557197,2.910740524,2.96139601,3.058241753,2.878151288,2.91452434,2.729719844,2.97069894,2.96286201,2.751276938,2.405155359,2.767022238,2.795530623,2.524242212,2.776768522,2.661945104,2.4719173,2.7109042
64,5.441607002,5.17387379,4.79933201,4.841963928,5.121938588,5.445019793,5.177987332,4.769229268,5.030696611,5.405757706,5.41861463,5.277609655,5.418713671,5.156756366,4.854782918,4.718283351,5.252734853,5.062559724,4.574542353,4.581991884,4.540191336,4.794533341,4.501898651,5.093280935,5.010242212,5.086583213,4.540806365,4.607463318,4.466458749,5.018063786,5.160365788,5.113106118,5.516091908,5.993632557,6.187049657,6.405777442,6.461673006,6.119708912,5.955309481,6.73012444,6.770951114,6.118196916,6.73374413,6.669699854,6.362182504,6.21266103,5.801725237,5.051643638,5.230679985,5.240219254,5.311360869,4.707159242,5.000740596,5.734973361,5.18878687,5.810424239,6.387217122,6.292865369,6.458314566,6.344404222,6.6701346,6.256138954,6.262389426,6.499089244,6.836307912,6.474403646,5.935458792,5.596236242,5.242301315,5.593359073,4.879460912,4.956592809,5.065575074,5.311099843,4.697185554,4.639577723,5.025458289,5.71977263,5.451669744,5.457638482,5.552617518,5.734203287,5.396533664,5.464733138,5.118224708,5.570060513,5.55536627,5.158644258,4.509666298,5.188166695,5.241619918,4.732954148,5.206440979,4.99114707,4.634844938,5.082945376
65,5.078833202,4.828948871,4.479376543,4.519166333,4.780476016,5.082018474,4.832788176,4.45128065,4.695316837,5.045373859,5.057373654,4.925769011,5.057466093,4.812972608,4.531130723,4.403731128,4.902552529,4.725055743,4.269572863,4.276525758,4.237511913,4.474897785,4.201772074,4.753728872,4.676226065,4.747477666,4.238085941,4.300299096,4.168694832,4.6835262,4.816341402,4.772232377,5.148352448,5.594057053,5.77457968,5.978725613,6.030894805,5.711728318,5.558288849,6.281449477,6.319554373,5.710317121,6.284827855,6.225053197,5.938037004,5.798483628,5.414943555,4.714867396,4.881967986,4.890871304,4.957270145,4.393348626,4.66735789,5.352641803,4.842867745,5.423062623,5.961402647,5.873341011,6.027760262,5.921443941,6.22545896,5.839063023,5.844896798,6.065816627,6.380554051,6.042776736,5.539761539,5.223153826,4.892814561,5.220468469,4.554163518,4.626153288,4.727870069,4.95702652,4.38403985,4.330272541,4.690427737,5.338454455,5.088225094,5.093795917,5.182443017,5.351923067,5.036764754,5.100417595,4.777009728,5.198723145,5.185008518,4.814734641,4.209021878,4.842288916,4.89217859,4.417423871,4.859344913,4.658403932,4.325855275,4.744082351
66,-3.078762572,-2.965480151,-3.229091281,-3.823450031,-3.561049229,-2.673963275,-3.528027674,-3.309257557,-3.544507387,-2.442445098,-2.62733436,-2.833945355,-3.004820564,-3.108225301,-3.191550089,-3.267584764,-2.931434136,-3.507492975,-4.025435699,-3.652445701,-4.133881949,-3.822100229,-3.568933453,-2.758452713,-3.658405139,-3.211122242,-3.511023464,-3.197393984,-4.201801665,-2.67637577,-3.191714127,-2.77040404,-2.919841669,-2.118128676,-1.785915679,-1.445341281,-1.605655568,-1.649724309,-1.882537592,-1.800067342,-1.394707355,-2.506908161,-1.133429227,-1.819495494,-1.375928705,-1.739474294,-2.625704911,-2.93650548,-2.876004094,-2.741211131,-2.521128094,-3.953720915,-3.118554442,-2.8754626,-3.297146183,-2.822094636,-1.87459658,-2.192901891,-1.286324455,-2.104116539,-1.316219679,-1.456876285,-1.446533538,-1.475159953,-1.396622872,-1.98320125,-1.909565771,-3.071803066,-2.629931508,-2.502851386,-3.363224775,-2.890718931,-3.571686278,-2.57535854,-3.502720362,-3.234321207,-3.073134324,-2.663045497,-2.30026787,-3.25064505,-2.440259107,-2.646514747,-3.168099221,-2.415448381,-3.449620435,-2.834378857,-2.14189707,-3.546681633,-3.455148405,-3.342504673,-3.162607249,-3.783722621,-2.766691585,-2.783406103,-3.075625111,-2.81102088
68,1.451095201,1.379699677,1.279821869,1.291190381,1.36585029,1.452005278,1.380796622,1.271794471,1.341519096,1.441535388,1.444963901,1.407362575,1.444990312,1.375135031,1.294608778,1.258208894,1.400729294,1.350015926,1.219877961,1.221864502,1.21071769,1.278542224,1.200506307,1.358208249,1.33606459,1.35642219,1.210881697,1.228656885,1.191055666,1.338150343,1.376097543,1.363494965,1.470957842,1.598302015,1.649879908,1.708207318,1.723112801,1.631922376,1.588082528,1.794699851,1.805586964,1.631519178,1.795665101,1.778586628,1.696582001,1.656709608,1.54712673,1.34710497,1.394847996,1.397391801,1.416362898,1.255242464,1.333530826,1.52932623,1.383676499,1.549446464,1.703257899,1.678097432,1.722217218,1.691841126,1.77870256,1.668303721,1.669970514,1.733090465,1.823015443,1.726507639,1.582789011,1.492329664,1.397947017,1.49156242,1.301189577,1.321758082,1.35082002,1.416293292,1.252582814,1.237220726,1.34012221,1.525272701,1.453778598,1.455370262,1.480698005,1.529120876,1.439075644,1.45726217,1.364859922,1.48534947,1.481431005,1.375638469,1.202577679,1.383511119,1.397765311,1.262121106,1.388384261,1.330972552,1.23595865,1.3554521
69,2.902190401,2.759399355,2.559643739,2.582380762,2.73170058,2.904010557,2.761593244,2.543588943,2.683038192,2.883070776,2.889927803,2.814725149,2.889980624,2.750270062,2.589217556,2.516417787,2.801458588,2.700031853,2.439755922,2.443729005,2.421435379,2.557084449,2.401012614,2.716416499,2.67212918,2.71284438,2.421763395,2.457313769,2.382111333,2.676300686,2.752195087,2.72698993,2.941915684,3.19660403,3.299759817,3.416414636,3.446225603,3.263844753,3.176165057,3.589399701,3.611173927,3.263038355,3.591330203,3.557173255,3.393164002,3.313419216,3.09425346,2.69420994,2.789695992,2.794783602,2.832725797,2.510484929,2.667061651,3.058652459,2.767352997,3.098892927,3.406515798,3.356194863,3.444434435,3.383682252,3.55740512,3.336607442,3.339941027,3.46618093,3.646030886,3.453015278,3.165578022,2.984659329,2.795894035,2.983124839,2.602379153,2.643516165,2.70164004,2.832586583,2.505165629,2.474441452,2.680244421,3.050545403,2.907557197,2.910740524,2.96139601,3.058241753,2.878151288,2.91452434,2.729719844,2.97069894,2.96286201,2.751276938,2.405155359,2.767022238,2.795530623,2.524242212,2.776768522,2.661945104,2.4719173,2.7109042
70,1.451095201,1.379699677,1.279821869,1.291190381,1.36585029,1.452005278,1.380796622,1.271794471,1.341519096,1.441535388,1.444963901,1.407362575,1.444990312,1.375135031,1.294608778,1.258208894,1.400729294,1.350015926,1.219877961,1.221864502,1.21071769,1.278542224,1.200506307,1.358208249,1.33606459,1.35642219,1.210881697,1.228656885,1.191055666,1.338150343,1.376097543,1.363494965,1.470957842,1.598302015,1.649879908,1.708207318,1.723112801,1.631922376,1.588082528,1.794699851,1.805586964,1.631519178,1.795665101,1.778586628,1.696582001,1.656709608,1.54712673,1.34710497,1.394847996,1.397391801,1.416362898,1.255242464,1.333530826,1.52932623,1.383676499,1.549446464,1.703257899,1.678097432,1.722217218,1.691841126,1.77870256,1.668303721,1.669970514,1.733090465,1.823015443,1.726507639,1.582789011,1.492329664,1.397947017,1.49156242,1.301189577,1.321758082,1.35082002,1.416293292,1.252582814,1.237220726,1.34012221,1.525272701,1.453778598,1.455370262,1.480698005,1.529120876,1.439075644,1.45726217,1.364859922,1.48534947,1.481431005,1.375638469,1.202577679,1.383511119,1.397765311,1.262121106,1.388384261,1.330972552,1.23595865,1.3554521
71,2.902190401,2.759399355,2.559643739,2.582380762,2.73170058,2.904010557,2.761593244,2.543588943,2.683038192,2.883070776,2.889927803,2.814725149,2.889980624,2.750270062,2.589217556,2.516417787,2.801458588,2.700031853,2.439755922,2.443729005,2.421435379,2.557084449,2.401012614,2.716416499,2.67212918,2.71284438,2.421763395,2.457313769,2.382111333,2.676300686,2.752195087,2.72698993,2.941915684,3.19660403,3.299759817,3.416414636,3.446225603,3.263844753,3.176165057,3.589399701,3.611173927,3.263038355,3.591330203,3.557173255,3.393164002,3.313419216,3.09425346,2.69420994,2.789695992,2.794783602,2.832725797,2.510484929,2.667061651,3.058652459,2.767352997,3.098892927,3.406515798,3.356194863,3.444434435,3.383682252,3.55740512,3.336607442,3.339941027,3.46618093,3.646030886,3.453015278,3.165578022,2.984659329,2.795894035,2.983124839,2.602379153,2.643516165,2.70164004,2.832586583,2.505165629,2.474441452,2.680244421,3.050545403,2.907557197,2.910740524,2.96139601,3.058241753,2.878151288,2.91452434,2.729719844,2.97069894,2.96286201,2.751276938,2.405155359,2.767022238,2.795530623,2.524242212,2.776768522,2.661945104,2.4719173,2.7109042
73,2.902190401,2.759399355,2.559643739,2.582380762,2.73170058,2.904010557,2.761593244,2.543588943,2.683038192,2.883070776,2.889927803,2.814725149,2.889980624,2.750270062,2.589217556,2.516417787,2.801458588,2.700031853,2.439755922,2.443729005,2.421435379,2.557084449,2.401012614,2.716416499,2.67212918,2.71284438,2.421763395,2.457313769,2.382111333,2.676300686,2.752195087,2.72698993,2.941915684,3.19660403,3.299759817,3.416414636,3.446225603,3.263844753,3.176165057,3.589399701,3.611173927,3.263038355,3.591330203,3.557173255,3.393164002,3.313419216,3.09425346,2.69420994,2.789695992,2.794783602,2.832725797,2.510484929,2.667061651,3.058652459,2.767352997,3.098892927,3.406515798,3.356194863,3.444434435,3.383682252,3.55740512,3.336607442,3.339941027,3.46618093,3.646030886,3.453015278,3.165578022,2.984659329,2.795894035,2.983124839,2.602379153,2.643516165,2.70164004,2.832586583,2.505165629,2.474441452,2.680244421,3.050545403,2.907557197,2.910740524,2.96139601,3.058241753,2.878151288,2.91452434,2.729719844,2.97069894,2.96286201,2.751276938,2.405155359,2.767022238,2.795530623,2.524242212,2.776768522,2.661945104,2.4719173,2.7109042
74,1.778875688,2.100191225,1.847490105,2.056733451,1.983404027,1.853854486,1.734650452,1.922351784,1.963704345,1.986145766,1.75488773,1.78854535,2.11788247,1.948817501,2.113116114,1.814262265,1.959259257,2.089031995,1.766807053,1.877735235,2.036654456,2.082367637,1.790846832,1.765949647,1.732338608,1.847495532,2.0638029,1.853843937,1.910293663,2.097621541,1.733460972,1.972708932,2.045178761,1.923567525,2.108334554,2.067286777,1.815518429,1.857689718,1.738592748,1.94709861,1.953911731,1.733220853,2.054735501,1.983503448,2.089036629,2.094889541,1.728740086,1.755539481,1.794660051,2.081353118,2.063982243,1.942471257,1.817190124,2.072370239,1.978159217,1.841592141,1.90752482,1.853776753,1.865107717,2.023175784,1.73410134,2.079721047,1.799563101,2.110654721,1.750755437,1.807219433,1.776219797,1.875777482,2.004828371,1.733058631,1.979905264,1.916438405,2.107404382,2.0934714,1.83871757,1.799410945,1.807687226,2.112182034,1.729659011,1.877658126,1.818747415,1.743891854,1.831489455,1.755411747,1.73281557,2.091175754,1.775178956,2.016978215,1.988722887,2.090360069,1.803728781,1.93149325,1.801151148,1.7472858,2.047285739,1.900450347
75,1.778875688,2.100191225,1.847490105,2.056733451,1.983404027,1.853854486,1.734650452,1.922351784,1.963704345,1.986145766,1.75488773,1.78854535,2.11788247,1.948817501,2.113116114,1.814262265,1.959259257,2.089031995,1.766807053,1.877735235,2.036654456,2.082367637,1.790846832,1.765949647,1.732338608,1.847495532,2.0638029,1.853843937,1.910293663,2.097621541,1.733460972,1.972708932,2.045178761,1.923567525,2.108334554,2.067286777,1.815518429,1.857689718,1.738592748,1.94709861,1.953911731,1.733220853,2.054735501,1.983503448,2.089036629,2.094889541,1.728740086,1.755539481,1.794660051,2.081353118,2.063982243,1.942471257,1.817190124,2.072370239,1.978159217,1.841592141,1.90752482,1.853776753,1.865107717,2.023175784,1.73410134,2.079721047,1.799563101,2.110654721,1.750755437,1.807219433,1.776219797,1.875777482,2.004828371,1.733058631,1.979905264,1.916438405,2.107404382,2.0934714,1.83871757,1.799410945,1.807687226,2.112182034,1.729659011,1.877658126,1.818747415,1.743891854,1.831489455,1.755411747,1.73281557,2.091175754,1.775178956,2.016978215,1.988722887,2.090360069,1.803728781,1.93149325,1.801151148,1.7472858,2.047285739,1.900450347
76,4.669548681,5.513001967,4.849661526,5.398925309,5.20643557,4.866368026,4.553457436,5.046173433,5.154723905,5.213632636,4.60658029,4.694931544,5.559441483,5.115645939,5.546929799,4.762438445,5.14305555,5.483708986,4.637868515,4.929054992,5.346217947,5.466215048,4.700972934,4.635617824,4.547388847,4.849675772,5.417482612,4.866340336,5.014520865,5.506256545,4.55033505,5.178360947,5.368594248,5.049364754,5.534378203,5.42662779,4.765735875,4.87643551,4.563805964,5.11113385,5.129018293,4.54970474,5.393680689,5.206696552,5.483721152,5.499085046,4.537942726,4.608291137,4.710982634,5.463551934,5.417953387,5.098987049,4.770124074,5.439971877,5.192667946,4.834179371,5.007252652,4.866163976,4.895907757,5.310836433,4.552016017,5.459267749,4.72385314,5.540468642,4.595733023,4.743951011,4.662576967,4.92391589,5.262674473,4.549278907,5.197251318,5.030650814,5.531936503,5.495362426,4.826633621,4.72345373,4.745178969,5.544477839,4.540354904,4.92885258,4.774211965,4.577716116,4.807659819,4.607955836,4.548640872,5.489336355,4.65984476,5.294567815,5.220397578,5.48719518,4.734788049,5.07016978,4.728021764,4.586625224,5.374125065,4.988682161
77,1.778875688,2.100191225,1.847490105,2.056733451,1.983404027,1.853854486,1.734650452,1.922351784,1.963704345,1.986145766,1.75488773,1.78854535,2.11788247,1.948817501,2.113116114,1.814262265,1.959259257,2.089031995,1.766807053,1.877735235,2.036654456,2.082367637,1.790846832,1.765949647,1.732338608,1.847495532,2.0638029,1.853843937,1.910293663,2.097621541,1.733460972,1.972708932,2.045178761,1.923567525,2.108334554,2.067286777,1.815518429,1.857689718,1.738592748,1.94709861,1.953911731,1.733220853,2.054735501,1.983503448,2.089036629,2.094889541,1.728740086,1.755539481,1.794660051,2.081353118,2.063982243,1.942471257,1.817190124,2.072370239,1.978159217,1.841592141,1.90752482,1.853776753,1.865107717,2.023175784,1.73410134,2.079721047,1.799563101,2.110654721,1.750755437,1.807219433,1.776219797,1.875777482,2.004828371,1.733058631,1.979905264,1.916438405,2.107404382,2.0934714,1.83871757,1.799410945,1.807687226,2.112182034,1.729659011,1.877658126,1.818747415,1.743891854,1.831489455,1.755411747,1.73281557,2.091175754,1.775178956,2.016978215,1.988722887,2.090360069,1.803728781,1.93149325,1.801151148,1.7472858,2.047285739,1.900450347
79,1.778875688,2.100191225,1.847490105,2.056733451,1.983404027,1.853854486,1.734650452,1.922351784,1.963704345,1.986145766,1.75488773,1.78854535,2.11788247,1.948817501,2.113116114,1.814262265,1.959259257,2.089031995,1.766807053,1.877735235,2.036654456,2.082367637,1.790846832,1.765949647,1.732338608,1.847495532,2.0638029,1.853843937,1.910293663,2.097621541,1.733460972,1.972708932,2.045178761,1.923567525,2.108334554,2.067286777,1.815518429,1.857689718,1.738592748,1.94709861,1.953911731,1.733220853,2.054735501,1.983503448,2.089036629,2.094889541,1.728740086,1.755539481,1.794660051,2.081353118,2.063982243,1.942471257,1.817190124,2.072370239,1.978159217,1.841592141,1.90752482,1.853776753,1.865107717,2.023175784,1.73410134,2.079721047,1.799563101,2.110654721,1.750755437,1.807219433,1.776219797,1.875777482,2.004828371,1.733058631,1.979905264,1.916438405,2.107404382,2.0934714,1.83871757,1.799410945,1.807687226,2.112182034,1.729659011,1.877658126,1.818747415,1.743891854,1.831489455,1.755411747,1.73281557,2.091175754,1.775178956,2.016978215,1.988722887,2.090360069,1.803728781,1.93149325,1.801151148,1.7472858,2.047285739,1.900450347
80,1.778875688,2.100191225,1.847490105,2.056733451,1.983404027,1.853854486,1.734650452,1.922351784,1.963704345,1.986145766,1.75488773,1.78854535,2.11788247,1.948817501,2.113116114,1.814262265,1.959259257,2.089031995,1.766807053,1.877735235,2.036654456,2.082367637,1.790846832,1.765949647,1.732338608,1.847495532,2.0638029,1.853843937,1.910293663,2.097621541,1.733460972,1.972708932,2.045178761,1.923567525,2.108334554,2.067286777,1.815518429,1.857689718,1.738592748,1.94709861,1.953911731,1.733220853,2.054735501,1.983503448,2.089036629,2.094889541,1.728740086,1.755539481,1.794660051,2.081353118,2.063982243,1.942471257,1.817190124,2.072370239,1.978159217,1.841592141,1.90752482,1.853776753,1.865107717,2.023175784,1.73410134,2.079721047,1.799563101,2.110654721,1.750755437,1.807219433,1.776219797,1.875777482,2.004828371,1.733058631,1.979905264,1.916438405,2.107404382,2.0934714,1.83871757,1.799410945,1.807687226,2.112182034,1.729659011,1.877658126,1.818747415,1.743891854,1.831489455,1.755411747,1.73281557,2.091175754,1.775178956,2.016978215,1.988722887,2.090360069,1.803728781,1.93149325,1.801151148,1.7472858,2.047285739,1.900450347
82,1.778875688,2.100191225,1.847490105,2.056733451,1.983404027,1.853854486,1.734650452,1.922351784,1.963704345,1.986145766,1.75488773,1.78854535,2.11788247,1.948817501,2.113116114,1.814262265,1.959259257,2.089031995,1.766807053,1.877735235,2.036654456,2.082367637,1.790846832,1.765949647,1.732338608,1.847495532,2.0638029,1.853843937,1.910293663,2.097621541,1.733460972,1.972708932,2.045178761,1.923567525,2.108334554,2.067286777,1.815518429,1.857689718,1.738592748,1.94709861,1.953911731,1.733220853,2.054735501,1.983503448,2.089036629,2.094889541,1.728740086,1.755539481,1.794660051,2.081353118,2.063982243,1.942471257,1.817190124,2.072370239,1.978159217,1.841592141,1.90752482,1.853776753,1.865107717,2.023175784,1.73410134,2.079721047,1.799563101,2.110654721,1.750755437,1.807219433,1.776219797,1.875777482,2.004828371,1.733058631,1.979905264,1.916438405,2.107404382,2.0934714,1.83871757,1.799410945,1.807687226,2.112182034,1.729659011,1.877658126,1.818747415,1.743891854,1.831489455,1.755411747,1.73281557,2.091175754,1.775178956,2.016978215,1.988722887,2.090360069,1.803728781,1.93149325,1.801151148,1.7472858,2.047285739,1.900450347
83,0.889437844,1.050095613,0.923745053,1.028366726,0.991702013,0.926927243,0.867325226,0.961175892,0.981852172,0.993072883,0.877443865,0.894272675,1.058941235,0.97440875,1.056558057,0.907131132,0.979629629,1.044515997,0.883403527,0.938867618,1.018327228,1.041183819,0.895423416,0.882974824,0.866169304,0.923747766,1.03190145,0.926921969,0.955146832,1.04881077,0.866730486,0.986354466,1.02258938,0.961783763,1.054167277,1.033643389,0.907759214,0.928844859,0.869296374,0.973549305,0.976955865,0.866610427,1.02736775,0.991751724,1.044518315,1.047444771,0.864370043,0.87776974,0.897330025,1.040676559,1.031991121,0.971235628,0.908595062,1.036185119,0.989079609,0.920796071,0.95376241,0.926888376,0.932553859,1.011587892,0.86705067,1.039860524,0.89978155,1.05532736,0.875377719,0.903609716,0.888109898,0.937888741,1.002414185,0.866529316,0.989952632,0.958219203,1.053702191,1.0467357,0.919358785,0.899705472,0.903843613,1.056091017,0.864829506,0.938829063,0.909373708,0.871945927,0.915744727,0.877705874,0.866407785,1.045587877,0.887589478,1.008489108,0.994361444,1.045180034,0.90186439,0.965746625,0.900575574,0.8736429,1.02364287,0.950225174
84,0.889437844,1.050095613,0.923745053,1.028366726,0.991702013,0.926927243,0.867325226,0.961175892,0.981852172,0.993072883,0.877443865,0.894272675,1.058941235,0.97440875,1.056558057,0.907131132,0.979629629,1.044515997,0.883403527,0.938867618,1.018327228,1.041183819,0.895423416,0.882974824,0.866169304,0.923747766,1.03190145,0.926921969,0.955146832,1.04881077,0.866730486,0.986354466,1.02258938,0.961783763,1.054167277,1.033643389,0.907759214,0.928844859,0.869296374,0.973549305,0.976955865,0.866610427,1.02736775,0.991751724,1.044518315,1.047444771,0.864370043,0.87776974,0.897330025,1.040676559,1.031991121,0.971235628,0.908595062,1.036185119,0.989079609,0.920796071,0.95376241,0.926888376,0.932553859,1.011587892,0.86705067,1.039860524,0.89978155,1.05532736,0.875377719,0.903609716,0.888109898,0.937888741,1.002414185,0.866529316,0.989952632,0.958219203,1.053702191,1.0467357,0.919358785,0.899705472,0.903843613,1.056091017,0.864829506,0.938829063,0.909373708,0.871945927,0.915744727,0.877705874,0.866407785,1.045587877,0.887589478,1.008489108,0.994361444,1.045180034,0.90186439,0.965746625,0.900575574,0.8736429,1.02364287,0.950225174
85,1.778875688,2.100191225,1.847490105,2.056733451,1.983404027,1.853854486,1.734650452,1.922351784,1.963704345,1.986145766,1.75488773,1.78854535,2.11788247,1.948817501,2.113116114,1.814262265,1.959259257,2.089031995,1.766807053,1.877735235,2.036654456,2.082367637,1.790846832,1.765949647,1.732338608,1.847495532,2.0638029,1.853843937,1.910293663,2.097621541,1.733460972,1.972708932,2.045178761,1.923567525,2.108334554,2.067286777,1.815518429,1.857689718,1.738592748,1.94709861,1.953911731,1.733220853,2.054735501,1.983503448,2.089036629,2.094889541,1.728740086,1.755539481,1.794660051,2.081353118,2.063982243,1.942471257,1.817190124,2.072370239,1.978159217,1.841592141,1.90752482,1.853776753,1.865107717,2.023175784,1.73410134,2.079721047,1.799563101,2.110654721,1.750755437,1.807219433,1.776219797,1.875777482,2.004828371,1.733058631,1.979905264,1.916438405,2.107404382,2.0934714,1.83871757,1.799410945,1.807687226,2.112182034,1.729659011,1.877658126,1.818747415,1.743891854,1.831489455,1.755411747,1.73281557,2.091175754,1.775178956,2.016978215,1.988722887,2.090360069,1.803728781,1.93149325,1.801151148,1.7472858,2.047285739,1.900450347
86,0.889437844,1.050095613,0.923745053,1.028366726,0.991702013,0.926927243,0.867325226,0.961175892,0.981852172,0.993072883,0.877443865,0.894272675,1.058941235,0.97440875,1.056558057,0.907131132,0.979629629,1.044515997,0.883403527,0.938867618,1.018327228,1.041183819,0.895423416,0.882974824,0.866169304,0.923747766,1.03190145,0.926921969,0.955146832,1.04881077,0.866730486,0.986354466,1.02258938,0.961783763,1.054167277,1.033643389,0.907759214,0.928844859,0.869296374,0.973549305,0.976955865,0.866610427,1.02736775,0.991751724,1.044518315,1.047444771,0.864370043,0.87776974,0.897330025,1.040676559,1.031991121,0.971235628,0.908595062,1.036185119,0.989079609,0.920796071,0.95376241,0.926888376,0.932553859,1.011587892,0.86705067,1.039860524,0.89978155,1.05532736,0.875377719,0.903609716,0.888109898,0.937888741,1.002414185,0.866529316,0.989952632,0.958219203,1.053702191,1.0467357,0.919358785,0.899705472,0.903843613,1.056091017,0.864829506,0.938829063,0.909373708,0.871945927,0.915744727,0.877705874,0.866407785,1.045587877,0.887589478,1.008489108,0.994361444,1.045180034,0.90186439,0.965746625,0.900575574,0.8736429,1.02364287,0.950225174
87,-2.169588261,-1.671704503,-1.872998737,-1.958946188,-2.040419596,-1.908601082,-2.299844307,-1.821337233,-2.010170679,-1.650826265,-1.973722778,-1.970467947,-1.785706566,-1.881295955,-1.615672353,-1.886505886,-1.833404421,-1.882455842,-2.218548629,-1.938223645,-1.983038042,-1.910706456,-1.949294875,-1.872658628,-2.284839433,-1.997782606,-1.667532875,-1.763041154,-2.106705065,-1.468094351,-2.137015086,-1.680625043,-1.864156311,-1.835541339,-1.586454261,-1.571036533,-1.922999691,-1.742779336,-1.893580286,-2.005917094,-1.830173901,-2.26377906,-1.591027762,-1.950513908,-1.496917346,-1.590246341,-2.176654373,-1.94628572,-1.962095986,-1.617358524,-1.565707765,-2.071107352,-1.945410016,-1.917831792,-1.954346344,-2.158843435,-1.921120554,-2.078651978,-1.723871342,-1.891992374,-1.966892106,-1.494603088,-1.772864614,-1.584729054,-2.06450517,-2.112158446,-1.859279391,-2.141118783,-1.643279523,-2.018843777,-1.839875908,-1.720120694,-1.895228927,-1.561228826,-1.96123883,-1.849469047,-1.945319107,-1.772538562,-1.862702322,-2.157887901,-1.885268582,-2.139855528,-2.13748676,-1.896379689,-2.237649252,-1.803564441,-1.791845518,-2.017197198,-1.702288805,-1.862877882,-2.090913077,-2.0152594,-1.893715162,-1.855555915,-1.525858918,-1.757729137
88,1.778875688,2.100191225,1.847490105,2.056733451,1.983404027,1.853854486,1.734650452,1.922351784,1.963704345,1.986145766,1.75488773,1.78854535,2.11788247,1.948817501,2.113116114,1.814262265,1.959259257,2.089031995,1.766807053,1.877735235,2.036654456,2.082367637,1.790846832,1.765949647,1.732338608,1.847495532,2.0638029,1.853843937,1.910293663,2.097621541,1.733460972,1.972708932,2.045178761,1.923567525,2.108334554,2.067286777,1.815518429,1.857689718,1.738592748,1.94709861,1.953911731,1.733220853,2.054735501,1.983503448,2.089036629,2.094889541,1.728740086,1.755539481,1.794660051,2.081353118,2.063982243,1.942471257,1.817190124,2.072370239,1.978159217,1.841592141,1.90752482,1.853776753,1.865107717,2.023175784,1.73410134,2.079721047,1.799563101,2.110654721,1.750755437,1.807219433,1.776219797,1.875777482,2.004828371,1.733058631,1.979905264,1.916438405,2.107404382,2.0934714,1.83871757,1.799410945,1.807687226,2.112182034,1.729659011,1.877658126,1.818747415,1.743891854,1.831489455,1.755411747,1.73281557,2.091175754,1.775178956,2.016978215,1.988722887,2.090360069,1.803728781,1.93149325,1.801151148,1.7472858,2.047285739,1.900450347
90,1.778875688,2.100191225,1.847490105,2.056733451,1.983404027,1.853854486,1.734650452,1.922351784,1.963704345,1.986145766,1.75488773,1.78854535,2.11788247,1.948817501,2.113116114,1.814262265,1.959259257,2.089031995,1.766807053,1.877735235,2.036654456,2.082367637,1.790846832,1.765949647,1.732338608,1.847495532,2.0638029,1.853843937,1.910293663,2.097621541,1.733460972,1.972708932,2.045178761,1.923567525,2.108334554,2.067286777,1.815518429,1.857689718,1.738592748,1.94709861,1.953911731,1.733220853,2.054735501,1.983503448,2.089036629,2.094889541,1.728740086,1.755539481,1.794660051,2.081353118,2.063982243,1.942471257,1.817190124,2.072370239,1.978159217,1.841592141,1.90752482,1.853776753,1.865107717,2.023175784,1.73410134,2.079721047,1.799563101,2.110654721,1.750755437,1.807219433,1.776219797,1.875777482,2.004828371,1.733058631,1.979905264,1.916438405,2.107404382,2.0934714,1.83871757,1.799410945,1.807687226,2.112182034,1.729659011,1.877658126,1.818747415,1.743891854,1.831489455,1.755411747,1.73281557,2.091175754,1.775178956,2.016978215,1.988722887,2.090360069,1.803728781,1.93149325,1.801151148,1.7472858,2.047285739,1.900450347
92,1.778875688,2.100191225,1.847490105,2.056733451,1.983404027,1.853854486,1.734650452,1.922351784,1.963704345,1.986145766,1.75488773,1.78854535,2.11788247,1.948817501,2.113116114,1.814262265,1.959259257,2.089031995,1.766807053,1.877735235,2.036654456,2.082367637,1.790846832,1.765949647,1.732338608,1.847495532,2.0638029,1.853843937,1.910293663,2.097621541,1.733460972,1.972708932,2.045178761,1.923567525,2.108334554,2.067286777,1.815518429,1.857689718,1.738592748,1.94709861,1.953911731,1.733220853,2.054735501,1.983503448,2.089036629,2.094889541,1.728740086,1.755539481,1.794660051,2.081353118,2.063982243,1.942471257,1.817190124,2.072370239,1.978159217,1.841592141,1.90752482,1.853776753,1.865107717,2.023175784,1.73410134,2.079721047,1.799563101,2.110654721,1.750755437,1.807219433,1.776219797,1.875777482,2.004828371,1.733058631,1.979905264,1.916438405,2.107404382,2.0934714,1.83871757,1.799410945,1.807687226,2.112182034,1.729659011,1.877658126,1.818747415,1.743891854,1.831489455,1.755411747,1.73281557,2.091175754,1.775178956,2.016978215,1.988722887,2.090360069,1.803728781,1.93149325,1.801151148,1.7472858,2.047285739,1.900450347
94,-0.750487612,-0.690662233,-1.009940696,-1.126160937,-1.155042007,-0.920500685,-1.021004649,-1.208414699,-1.032732808,-1.081589902,-1.083736212,-1.316136884,-1.408990962,-1.279565428,-0.796800888,-0.979440304,-1.056120491,-1.091119596,-1.43225048,-0.882725833,-1.010901076,-0.556141771,-0.620635723,-0.123506551,-0.223501658,-0.040216812,0.075010389,0.036929898,-0.393801362,0.174896351,0.225242261,0.196671797,0.207894188,-0.066726704,0.464891505,0.05154056,-0.048572449,-0.281727617,-0.121551627,-0.557927816,-0.773683118,-0.436791876,-0.318389291,-0.606240514,-0.393586544,-0.373955977,-0.401025113,0.141414494,0.220825862,0.378784821,0.326558125,-0.1005143,-0.145968438,-0.454595146,-0.84209777,-1.055489676,-0.718481153,-0.929057904,-0.355540581,-0.691914774,-0.690845644,-0.462740794,-0.567532917,-0.628270643,-0.288919578,-0.841820364,-0.089576155,-0.625475745,-0.453104986,-0.217597227,-0.289730216,-0.385474281,-0.135995545,0.351470803,-0.214624846,0.041720795,0.224912089,-0.107376236,0.641375881,-0.194531322,0.801508328,0.344404841,0.285143757,0.543245885,0.501703432,0.470119483,0.609943214,-0.105771069,-0.067082988,0.097346938,-0.304443035,0.018904385,0.006846075,-0.158807743,-0.319738259,-0.113780688
95,0.889437844,1.050095613,0.923745053,1.028366726,0.991702013,0.926927243,0.867325226,0.961175892,0.981852172,0.993072883,0.877443865,0.894272675,1.058941235,0.97440875,1.056558057,0.907131132,0.979629629,1.044515997,0.883403527,0.938867618,1.018327228,1.041183819,0.895423416,0.882974824,0.866169304,0.923747766,1.03190145,0.926921969,0.955146832,1.04881077,0.866730486,0.986354466,1.02258938,0.961783763,1.054167277,1.033643389,0.907759214,0.928844859,0.869296374,0.973549305,0.976955865,0.866610427,1.02736775,0.991751724,1.044518315,1.047444771,0.864370043,0.87776974,0.897330025,1.040676559,1.031991121,0.971235628,0.908595062,1.036185119,0.989079609,0.920796071,0.95376241,0.926888376,0.932553859,1.011587892,0.86705067,1.039860524,0.89978155,1.05532736,0.875377719,0.903609716,0.888109898,0.937888741,1.002414185,0.866529316,0.989952632,0.958219203,1.053702191,1.0467357,0.919358785,0.899705472,0.903843613,1.056091017,0.864829506,0.938829063,0.909373708,0.871945927,0.915744727,0.877705874,0.866407785,1.045587877,0.887589478,1.008489108,0.994361444,1.045180034,0.90186439,0.965746625,0.900575574,0.8736429,1.02364287,0.950225174
96,0.889437844,1.050095613,0.923745053,1.028366726,0.991702013,0.926927243,0.867325226,0.961175892,0.981852172,0.993072883,0.877443865,0.894272675,1.058941235,0.97440875,1.056558057,0.907131132,0.979629629,1.044515997,0.883403527,0.938867618,1.018327228,1.041183819,0.895423416,0.882974824,0.866169304,0.923747766,1.03190145,0.926921969,0.955146832,1.04881077,0.866730486,0.986354466,1.02258938,0.961783763,1.054167277,1.033643389,0.907759214,0.928844859,0.869296374,0.973549305,0.976955865,0.866610427,1.02736775,0.991751724,1.044518315,1.047444771,0.864370043,0.87776974,0.897330025,1.040676559,1.031991121,0.971235628,0.908595062,1.036185119,0.989079609,0.920796071,0.95376241,0.926888376,0.932553859,1.011587892,0.86705067,1.039860524,0.89978155,1.05532736,0.875377719,0.903609716,0.888109898,0.937888741,1.002414185,0.866529316,0.989952632,0.958219203,1.053702191,1.0467357,0.919358785,0.899705472,0.903843613,1.056091017,0.864829506,0.938829063,0.909373708,0.871945927,0.915744727,0.877705874,0.866407785,1.045587877,0.887589478,1.008489108,0.994361444,1.045180034,0.90186439,0.965746625,0.900575574,0.8736429,1.02364287,0.950225174
98,1.778875688,2.100191225,1.847490105,2.056733451,1.983404027,1.853854486,1.734650452,1.922351784,1.963704345,1.986145766,1.75488773,1.78854535,2.11788247,1.948817501,2.113116114,1.814262265,1.959259257,2.089031995,1.766807053,1.877735235,2.036654456,2.082367637,1.790846832,1.765949647,1.732338608,1.847495532,2.0638029,1.853843937,1.910293663,2.097621541,1.733460972,1.972708932,2.045178761,1.923567525,2.108334554,2.067286777,1.815518429,1.857689718,1.738592748,1.94709861,1.953911731,1.733220853,2.054735501,1.983503448,2.089036629,2.094889541,1.728740086,1.755539481,1.794660051,2.081353118,2.063982243,1.942471257,1.817190124,2.072370239,1.978159217,1.841592141,1.90752482,1.853776753,1.865107717,2.023175784,1.73410134,2.079721047,1.799563101,2.110654721,1.750755437,1.807219433,1.776219797,1.875777482,2.004828371,1.733058631,1.979905264,1.916438405,2.107404382,2.0934714,1.83871757,1.799410945,1.807687226,2.112182034,1.729659011,1.877658126,1.818747415,1.743891854,1.831489455,1.755411747,1.73281557,2.091175754,1.775178956,2.016978215,1.988722887,2.090360069,1.803728781,1.93149325,1.801151148,1.7472858,2.047285739,1.900450347
99,1.778875688,2.100191225,1.847490105,2.056733451,1.983404027,1.853854486,1.734650452,1.922351784,1.963704345,1.986145766,1.75488773,1.78854535,2.11788247,1.948817501,2.113116114,1.814262265,1.959259257,2.089031995,1.766807053,1.877735235,2.036654456,2.082367637,1.790846832,1.765949647,1.732338608,1.847495532,2.0638029,1.853843937,1.910293663,2.097621541,1.733460972,1.972708932,2.045178761,1.923567525,2.108334554,2.067286777,1.815518429,1.857689718,1.738592748,1.94709861,1.953911731,1.733220853,2.054735501,1.983503448,2.089036629,2.094889541,1.728740086,1.755539481,1.794660051,2.081353118,2.063982243,1.942471257,1.817190124,2.072370239,1.978159217,1.841592141,1.90752482,1.853776753,1.865107717,2.023175784,1.73410134,2.079721047,1.799563101,2.110654721,1.750755437,1.807219433,1.776219797,1.875777482,2.004828371,1.733058631,1.979905264,1.916438405,2.107404382,2.0934714,1.83871757,1.799410945,1.807687226,2.112182034,1.729659011,1.877658126,1.818747415,1.743891854,1.831489455,1.755411747,1.73281557,2.091175754,1.775178956,2.016978215,1.988722887,2.090360069,1.803728781,1.93149325,1.801151148,1.7472858,2.047285739,1.900450347
100,1.778875688,2.100191225,1.847490105,2.056733451,1.983404027,1.853854486,1.734650452,1.922351784,1.963704345,1.986145766,1.75488773,1.78854535,2.11788247,1.948817501,2.113116114,1.814262265,1.959259257,2.089031995,1.766807053,1.877735235,2.036654456,2.082367637,1.790846832,1.765949647,1.732338608,1.847495532,2.0638029,1.853843937,1.910293663,2.097621541,1.733460972,1.972708932,2.045178761,1.923567525,2.108334554,2.067286777,1.815518429,1.857689718,1.738592748,1.94709861,1.953911731,1.733220853,2.054735501,1.983503448,2.089036629,2.094889541,1.728740086,1.755539481,1.794660051,2.081353118,2.063982243,1.942471257,1.817190124,2.072370239,1.978159217,1.841592141,1.90752482,1.853776753,1.865107717,2.023175784,1.73410134,2.079721047,1.799563101,2.110654721,1.750755437,1.807219433,1.776219797,1.875777482,2.004828371,1.733058631,1.979905264,1.916438405,2.107404382,2.0934714,1.83871757,1.799410945,1.807687226,2.112182034,1.729659011,1.877658126,1.818747415,1.743891854,1.831489455,1.755411747,1.73281557,2.091175754,1.775178956,2.016978215,1.988722887,2.090360069,1.803728781,1.93149325,1.801151148,1.7472858,2.047285739,1.900450347
102,1.451095201,1.379699677,1.279821869,1.291190381,1.36585029,1.452005278,1.380796622,1.271794471,1.341519096,1.441535388,1.444963901,1.407362575,1.444990312,1.375135031,1.294608778,1.258208894,1.400729294,1.350015926,1.219877961,1.221864502,1.21071769,1.278542224,1.200506307,1.358208249,1.33606459,1.35642219,1.210881697,1.228656885,1.191055666,1.338150343,1.376097543,1.363494965,1.470957842,1.598302015,1.649879908,1.708207318,1.723112801,1.631922376,1.588082528,1.794699851,1.805586964,1.631519178,1.795665101,1.778586628,1.696582001,1.656709608,1.54712673,1.34710497,1.394847996,1.397391801,1.416362898,1.255242464,1.333530826,1.52932623,1.383676499,1.549446464,1.703257899,1.678097432,1.722217218,1.691841126,1.77870256,1.668303721,1.669970514,1.733090465,1.823015443,1.726507639,1.582789011,1.492329664,1.397947017,1.49156242,1.301189577,1.321758082,1.35082002,1.416293292,1.252582814,1.237220726,1.34012221,1.525272701,1.453778598,1.455370262,1.480698005,1.529120876,1.439075644,1.45726217,1.364859922,1.48534947,1.481431005,1.375638469,1.202577679,1.383511119,1.397765311,1.262121106,1.388384261,1.330972552,1.23595865,1.3554521
103,2.902190401,2.759399355,2.559643739,2.582380762,2.73170058,2.904010557,2.761593244,2.543588943,2.683038192,2.883070776,2.889927803,2.814725149,2.889980624,2.750270062,2.589217556,2.516417787,2.801458588,2.700031853,2.389930831,2.443729005,1.94755387,2.041830937,2.131165303,2.338584671,1.710035574,2.173036958,1.270891271,1.681989903,1.453531169,1.267975535,1.087406626,1.18645144,1.535084054,1.132120402,1.124772085,1.061644572,1.003973503,0.574472917,0.907674699,1.31695512,1.062921792,-0.133177612,0.001387833,-0.738798636,-1.348473798,-1.478811757,-1.903561619,-1.902786745,-1.998462801,-1.946618116,-1.596408211,-2.066082591,-2.228904703,-1.764592487,-2.349767066,-1.915126316,-1.091641753,-0.60688199,-0.437044891,0.530607786,0.885084868,1.031237424,0.9223744,1.097873715,0.652281046,0.554868246,0.714826032,0.917715692,0.714762945,1.005972181,0.453643762,0.835971888,1.127039758,1.142984872,1.112227339,0.863693651,1.669292469,2.045324497,1.633749027,1.9689986,2.171553435,2.640895301,2.766555924,2.91452434,2.729719844,2.97069894,2.96286201,2.751276938,2.405155359,2.767022238,2.795530623,2.524242212,2.776768522,2.661945104,2.4719173,2.7109042
104,-0.493628539,-0.741315638,-1.268701234,-1.502466411,-1.656731262,-1.431681867,-1.214015225,-1.821504728,-1.185635995,-1.624171313,-1.231692333,-1.430805667,-1.786345258,-1.403872237,-0.860311251,-0.81670726,-0.581994235,0.168363942,0.251124894,1.082198682,1.43299467,1.751494111,1.492088663,1.520297472,1.686386267,1.435276992,1.665115202,2.033270265,1.854550962,1.960284377,2.38477569,1.853474959,1.868036784,1.303231576,1.823792716,1.339769589,1.993275384,0.976944427,1.049290009,0.698269002,0.522906847,1.147788458,1.320738372,1.641684308,1.468105646,2.138131525,2.30320333,2.109000722,2.603006701,2.720689579,2.678129006,2.239152066,2.2611933,2.127497854,1.425563382,1.545843489,1.858412339,1.191814834,1.335375767,1.04877688,0.671245289,0.505299379,-0.007711008,-0.04445631,0.480618741,0.092230743,0.080187445,-0.599434691,-1.213094527,-1.165333029,-0.941860429,-1.000137333,-0.25975169,-0.149836991,0.229247161,0.274828158,0.800491344,0.912557481,1.526610337,0.954925177,1.783166528,1.046798173,1.341476208,1.500719512,1.906239471,2.124944943,1.88642602,1.469873186,1.062509387,1.464571379,1.228385955,1.630771318,0.922892032,0.911291949,0.600426945,0.325151211
106,2.902190401,2.759399355,2.559643739,2.582380762,2.73170058,2.904010557,2.761593244,2.543588943,2.683038192,2.883070776,2.889927803,2.814725149,2.889980624,2.750270062,2.589217556,2.516417787,2.801458588,2.700031853,2.439755922,2.443729005,2.421435379,2.557084449,2.401012614,2.716416499,2.67212918,2.71284438,2.421763395,2.457313769,2.382111333,2.676300686,2.752195087,2.72698993,2.941915684,3.19660403,3.299759817,3.416414636,3.446225603,3.263844753,3.176165057,3.589399701,3.611173927,3.263038355,3.591330203,3.557173255,3.393164002,3.313419216,3.09425346,2.69420994,2.789695992,2.794783602,2.832725797,2.510484929,2.667061651,3.058652459,2.767352997,3.098892927,3.406515798,3.356194863,3.444434435,3.383682252,3.55740512,3.336607442,3.339941027,3.46618093,3.646030886,3.453015278,3.165578022,2.984659329,2.795894035,2.983124839,2.602379153,2.643516165,2.70164004,2.832586583,2.505165629,2.474441452,2.680244421,3.050545403,2.907557197,2.910740524,2.96139601,3.058241753,2.878151288,2.91452434,2.729719844,2.97069894,2.96286201,2.751276938,2.405155359,2.767022238,2.795530623,2.524242212,2.776768522,2.661945104,2.4719173,2.7109042
107,2.902190401,2.759399355,2.559643739,2.582380762,2.73170058,2.904010557,2.761593244,2.543588943,2.683038192,2.883070776,2.889927803,2.814725149,2.889980624,2.750270062,2.589217556,2.516417787,2.801458588,2.700031853,2.439755922,2.443729005,2.421435379,2.557084449,2.401012614,2.716416499,2.67212918,2.71284438,2.421763395,2.457313769,2.382111333,2.676300686,2.752195087,2.72698993,2.941915684,3.19660403,3.299759817,3.416414636,3.446225603,3.263844753,3.176165057,3.589399701,3.611173927,3.263038355,3.591330203,3.557173255,3.393164002,3.313419216,3.09425346,2.69420994,2.789695992,2.794783602,2.832725797,2.510484929,2.667061651,3.058652459,2.767352997,3.098892927,3.406515798,3.356194863,3.444434435,3.383682252,3.55740512,3.336607442,3.339941027,3.46618093,3.646030886,3.453015278,3.165578022,2.984659329,2.795894035,2.983124839,2.602379153,2.643516165,2.70164004,2.832586583,2.505165629,2.474441452,2.680244421,3.050545403,2.907557197,2.910740524,2.96139601,3.058241753,2.878151288,2.91452434,2.729719844,2.97069894,2.96286201,2.751276938,2.405155359,2.767022238,2.795530623,2.524242212,2.776768522,2.661945104,2.4719173,2.7109042
109,2.902190401,2.759399355,2.559643739,2.582380762,2.73170058,2.904010557,2.761593244,2.543588943,2.683038192,2.883070776,2.889927803,2.814725149,2.889980624,2.750270062,2.589217556,2.516417787,2.801458588,2.700031853,2.439755922,2.443729005,2.421435379,2.557084449,2.401012614,2.716416499,2.67212918,2.71284438,2.421763395,2.457313769,2.382111333,2.676300686,2.752195087,2.72698993,2.941915684,3.19660403,3.299759817,3.416414636,3.446225603,3.263844753,3.176165057,3.589399701,3.611173927,3.263038355,3.591330203,3.557173255,3.393164002,3.313419216,3.09425346,2.69420994,2.789695992,2.794783602,2.832725797,2.510484929,2.667061651,3.058652459,2.767352997,3.098892927,3.406515798,3.356194863,3.444434435,3.383682252,3.55740512,3.336607442,3.339941027,3.46618093,3.646030886,3.453015278,3.165578022,2.984659329,2.795894035,2.983124839,2.602379153,2.643516165,2.70164004,2.832586583,2.505165629,2.474441452,2.680244421,3.050545403,2.907557197,2.910740524,2.96139601,3.058241753,2.878151288,2.91452434,2.729719844,2.97069894,2.96286201,2.751276938,2.405155359,2.767022238,2.795530623,2.524242212,2.776768522,2.661945104,2.4719173,2.7109042
111,1.451095201,1.379699677,1.279821869,1.291190381,1.36585029,1.452005278,1.380796622,1.271794471,1.341519096,1.441535388,1.444963901,1.407362575,1.444990312,1.375135031,1.294608778,1.258208894,1.400729294,1.350015926,1.219877961,1.221864502,1.21071769,1.278542224,1.200506307,1.358208249,1.33606459,1.35642219,1.210881697,1.228656885,1.191055666,1.338150343,1.376097543,1.363494965,1.470957842,1.598302015,1.649879908,1.708207318,1.723112801,1.631922376,1.588082528,1.794699851,1.805586964,1.631519178,1.795665101,1.778586628,1.696582001,1.656709608,1.54712673,1.34710497,1.394847996,1.397391801,1.416362898,1.255242464,1.333530826,1.52932623,1.383676499,1.549446464,1.703257899,1.678097432,1.722217218,1.691841126,1.77870256,1.668303721,1.669970514,1.733090465,1.823015443,1.726507639,1.582789011,1.492329664,1.397947017,1.49156242,1.301189577,1.321758082,1.35082002,1.416293292,1.252582814,1.237220726,1.34012221,1.525272701,1.453778598,1.455370262,1.480698005,1.529120876,1.439075644,1.45726217,1.364859922,1.48534947,1.481431005,1.375638469,1.202577679,1.383511119,1.397765311,1.262121106,1.388384261,1.330972552,1.23595865,1.3554521
112,1.334156766,1.575143419,1.385617579,1.542550088,1.48755302,1.390390865,1.300987839,1.441763838,1.472778259,1.489609325,1.316165797,1.341409013,1.588411852,1.461613125,1.584837085,1.360696699,1.469444443,1.566773996,1.32510529,1.408301426,1.527490842,1.561775728,1.343135124,1.324462236,1.299253956,1.385621649,1.547852175,1.390382953,1.432720247,1.573216156,1.300095729,1.479531699,1.533884071,1.442675644,1.581250915,1.550465083,1.361638822,1.393267288,1.303944561,1.460323957,1.465433798,1.29991564,1.541051626,1.487627586,1.566777472,1.571167156,1.296555065,1.31665461,1.345995038,1.561014838,1.547986682,1.456853443,1.362892593,1.554277679,1.483619413,1.381194106,1.430643615,1.390332564,1.398830788,1.517381838,1.300576005,1.559790786,1.349672326,1.58299104,1.313066578,1.355414575,1.332164848,1.406833111,1.503621278,1.299793973,1.484928948,1.437328804,1.580553287,1.57010355,1.379038177,1.349558209,1.35576542,1.584136525,1.297244258,1.408243594,1.364060561,1.30791889,1.373617091,1.31655881,1.299611678,1.568381816,1.331384217,1.512733661,1.491542165,1.567770051,1.352796585,1.448619937,1.350863361,1.31046435,1.535464304,1.42533776
113,3.717511067,3.577535566,3.200086151,3.417897602,3.398232093,3.337014826,3.544344683,3.027864978,3.464020508,3.03393108,3.135480941,2.937483427,3.00822821,3.054510324,3.42261764,3.208271025,3.235577881,3.402932429,3.077494109,3.435332901,3.537698329,3.962336809,3.611629893,3.993865971,4.322252441,4.311018976,4.297311397,4.129720922,4.151749831,4.209785387,4.604991484,4.330707611,4.631615454,4.187001747,4.645836742,4.168590622,4.18185595,3.792487365,3.988538912,3.915221533,3.508308518,4.086129079,3.807079664,3.845410705,3.66420348,3.796066206,4.018237038,4.330321958,4.471891904,4.564169048,4.433838923,4.441166757,4.111710668,4.060633467,3.607842733,3.471319002,3.61393335,3.520795659,3.705672564,3.738407089,3.497120624,3.581889149,3.474951076,3.553347838,4.028349004,3.59326513,4.024278189,3.919959502,3.675017104,4.02797655,4.032653742,3.729579436,4.393300042,4.487052639,4.085325818,4.170716576,4.471735044,4.288491807,4.706416337,4.372007603,4.992894851,4.739171615,4.776353685,4.675536194,4.994597836,4.877325494,4.646313013,4.459216899,4.109588137,4.570747778,4.102651699,4.484966594,4.187879005,3.918092092,3.72355701,4.025738202
114,1.858755533,1.788767783,1.600043076,1.708948801,1.699116046,1.668507413,1.772172341,1.513932489,1.732010254,1.51696554,1.56774047,1.468741713,1.504114105,1.527255162,1.71130882,1.604135512,1.617788941,1.701466214,1.538747054,1.71766645,1.768849165,1.981168404,1.805814946,1.996932986,2.161126221,2.155509488,2.148655698,2.064860461,2.075874915,2.104892693,2.302495742,2.165353806,2.315807727,2.093500874,2.322918371,2.084295311,2.090927975,1.896243682,1.994269456,1.957610767,1.754154259,2.043064539,1.903539832,1.922705353,1.83210174,1.898033103,2.009118519,2.165160979,2.235945952,2.282084524,2.216919462,2.220583379,2.055855334,2.030316734,1.803921366,1.735659501,1.806966675,1.760397829,1.852836282,1.869203544,1.748560312,1.790944574,1.737475538,1.776673919,2.014174502,1.796632565,2.012139095,1.959979751,1.837508552,2.013988275,2.016326871,1.864789718,2.196650021,2.243526319,2.042662909,2.085358288,2.235867522,2.144245903,2.353208169,2.186003802,2.496447426,2.369585808,2.388176842,2.337768097,2.497298918,2.438662747,2.323156507,2.229608449,2.054794069,2.285373889,2.05132585,2.242483297,2.093939503,1.959046046,1.861778505,2.012869101
